"BindingDB ITC_result_a_b_ab_id","BindingDB Ligand Name","Target Source Organism According to Curator or DataSource","Delta_G0 (kJ/mol)","pH","Temp (C)","SlogP","SMR","LabuteASA","TPSA","AMW","NumLipinskiHBA","NumLipinskiHBD","NumRotatableBonds","HOST_BindingDB Ligand Name","HOST_Target Source Organism According to Curator or DataSource","HOST_SlogP","HOST_SMR","HOST_LabuteASA","HOST_TPSA","HOST_AMW","HOST_NumLipinskiHBA","HOST_NumLipinskiHBD","HOST_NumRotatableBonds"
"7484_1",,,-21.1,11.3,24.85,-0.5698200000000002,24.470999999999993,47.547355019124474,63.919999999999995,112.108,3,0,3,,,20.25159999999998,436.5724000000014,720.2283402399862,446.08,1729.536,32,8,16
"7484_2",,,-17.8,11.3,24.85,-0.07822000000000007,35.48750000000001,63.50962288199867,63.919999999999995,146.12499999999997,3,0,1,,,20.25159999999998,436.5724000000014,720.2283402399862,446.08,1729.536,32,8,16
"7484_3",,,-21.2,11.3,24.85,2.2729,47.041400000000024,65.6285930998011,0.0,144.28199999999998,1,0,5,,,20.25159999999998,436.5724000000014,720.2283402399862,446.08,1729.536,32,8,16
"7484_4",,,-39.2,11.5,24.85,1.3260999999999998,53.71000000000003,92.19448216908908,40.129999999999995,258.135,2,0,1,,,20.25159999999998,436.5724000000014,720.2283402399862,446.08,1729.536,32,8,16
"7484_5",,,-18.8,11.3,24.85,1.9353,53.04540000000004,75.22591884827871,0.0,164.272,1,0,3,,,20.25159999999998,436.5724000000014,720.2283402399862,446.08,1729.536,32,8,16
"7484_6",,,-22.3,11.5,24.85,-0.04170000000000018,37.42690000000001,67.40507680863314,83.26999999999998,166.11199999999994,5,0,2,,,20.25159999999998,436.5724000000014,720.2283402399862,446.08,1729.536,32,8,16
"7484_7",,,-21.9,11.3,24.85,-0.5698200000000002,24.470999999999993,47.547355019124474,63.919999999999995,112.108,3,0,3,,,21.48527999999998,455.52040000000153,745.6881086975726,446.08000000000004,1785.6439999999996,32,8,16
"7484_8",,,-21.1,11.3,24.85,-0.07822000000000007,35.48750000000001,63.50962288199867,63.919999999999995,146.12499999999997,3,0,1,,,21.48527999999998,455.52040000000153,745.6881086975726,446.08000000000004,1785.6439999999996,32,8,16
"7484_9",,,-24.9,11.3,24.85,2.2729,47.041400000000024,65.6285930998011,0.0,144.28199999999998,1,0,5,,,21.48527999999998,455.52040000000153,745.6881086975726,446.08000000000004,1785.6439999999996,32,8,16
"7484_10",,,-9.96,11.3,4.85,1.3260999999999998,53.71000000000003,92.19448216908908,40.129999999999995,258.135,2,0,1,,,21.48527999999998,455.52040000000153,745.6881086975726,446.08000000000004,1785.6439999999996,32,8,16
"7484_11",,,-16.3,11.3,24.85,1.9353,53.04540000000004,75.22591884827871,0.0,164.272,1,0,3,,,21.48527999999998,455.52040000000153,745.6881086975726,446.08000000000004,1785.6439999999996,32,8,16
"7484_12",,,-18.9,11.5,24.85,-0.04170000000000018,37.42690000000001,67.40507680863314,83.26999999999998,166.11199999999994,5,0,2,,,21.48527999999998,455.52040000000153,745.6881086975726,446.08000000000004,1785.6439999999996,32,8,16
"7484_13",,,-24.4,7.4,24.85,-0.8295999999999994,39.626200000000004,60.841068742315606,55.28,138.214,2,6,2,,,2.7206000000000063,281.0667999999999,471.4527544662169,359.92,1217.3019999999992,28,0,20
"7484_14",,,-10.5,7.4,24.85,-1.7495999999999983,24.7442,38.51385876504481,55.28,90.17000000000002,2,6,3,,,2.7206000000000063,281.0667999999999,471.4527544662169,359.92,1217.3019999999992,28,0,20
"7484_15",,,-16.8,7.4,24.85,-3.8425999999999956,57.297000000000025,87.80323581864053,88.5,206.37799999999996,4,10,11,,,2.7206000000000063,281.0667999999999,471.4527544662169,359.92,1217.3019999999992,28,0,20
"7484_16",,,-30.3,7.4,24.85,1.9714999999999998,66.8345,92.69416155793931,66.18,210.26,3,5,0,,,2.7206000000000063,281.0667999999999,471.4527544662169,359.92,1217.3019999999992,28,0,20
"7484_17",,,-35.7,7.4,24.85,2.9391000000000007,86.66370000000006,118.99381596190706,20.620000000000005,266.368,3,1,2,,,2.7206000000000063,281.0667999999999,471.4527544662169,359.92,1217.3019999999992,28,0,20
"7484_18",,,-36.2,7.4,24.85,-2.645399999999994,117.74740000000008,171.39995318567654,87.02000000000001,410.4740000000002,8,2,6,,,2.7206000000000063,281.0667999999999,471.4527544662169,359.92,1217.3019999999992,28,0,20
"7484_19",,,-21.6,7.4,24.85,-2.654399999999997,101.64000000000006,165.06191332095608,158.39999999999998,408.3220000000003,10,0,6,,,2.7206000000000063,281.0667999999999,471.4527544662169,359.92,1217.3019999999992,28,0,20
"7484_20",,,-25.8,7.4,24.85,5.954000000000006,127.09640000000003,175.7531164340869,6.25,385.57500000000016,2,0,7,,,2.7206000000000063,281.0667999999999,471.4527544662169,359.92,1217.3019999999992,28,0,20
"7484_21",,,-30.9,7.4,24.85,1.59012,78.98210000000003,111.12849371198277,57.71,253.329,4,3,0,,,2.7206000000000063,281.0667999999999,471.4527544662169,359.92,1217.3019999999992,28,0,20
"7484_22",,,-43.33,7.4,24.85,2.498900000000001,87.68600000000005,122.34458164896726,19.14,284.408,3,0,1,,,2.7206000000000063,281.0667999999999,471.4527544662169,359.92,1217.3019999999992,28,0,20
"7483_1",,,-41.0,7.4,24.85,-0.8295999999999994,39.626200000000004,60.841068742315606,55.28,138.214,2,6,2,,,-6.608000000000009,248.20599999999956,467.1102445067547,329.7,1162.9799999999989,42,0,0
"7483_2",,,-40.0,7.4,24.85,0.27440000000000014,27.210099999999997,39.538910182428694,27.64,88.174,1,3,0,,,-6.608000000000009,248.20599999999956,467.1102445067547,329.7,1162.9799999999989,42,0,0
"7483_3",,,-28.0,7.4,24.85,-0.21900000000000025,33.30889999999999,50.69808604902132,47.870000000000005,118.2,2,4,5,,,-6.608000000000009,248.20599999999956,467.1102445067547,329.7,1162.9799999999989,42,0,0
"7483_4",,,-35.0,7.4,24.85,-0.9693999999999985,33.97819999999999,51.243742993838026,55.28,118.22400000000002,2,6,5,,,-6.608000000000009,248.20599999999956,467.1102445067547,329.7,1162.9799999999989,42,0,0
"7483_5",,,-36.0,7.4,24.85,-1.218599999999999,31.820199999999996,50.23791184030878,55.28,116.208,2,6,0,,,-6.608000000000009,248.20599999999956,467.1102445067547,329.7,1162.9799999999989,42,0,0
"7483_6",,,-33.0,7.4,24.85,-0.4682000000000004,31.150899999999993,49.69225489549209,47.870000000000005,116.18399999999998,2,4,0,,,-6.608000000000009,248.20599999999956,467.1102445067547,329.7,1162.9799999999989,42,0,0
"7483_7",,,-42.3,7.4,24.85,0.8085999999999995,34.330099999999995,51.26296325769269,27.64,114.21200000000002,1,3,1,,,-6.608000000000009,248.20599999999956,467.1102445067547,329.7,1162.9799999999989,42,0,0
"7483_8",,,-49.4,7.4,24.85,0.9510999999999992,34.378099999999996,51.26296325769269,27.64,114.212,1,3,0,,,-6.608000000000009,248.20599999999956,467.1102445067547,329.7,1162.9799999999989,42,0,0
"7483_9",,,-52.8,7.4,24.85,1.341199999999999,38.99510000000001,57.6279053720893,27.64,128.239,1,3,0,,,-6.608000000000009,248.20599999999956,467.1102445067547,329.7,1162.9799999999989,42,0,0
"7483_10",,,-33.0,7.4,24.85,-1.866499999999998,37.064800000000005,56.20771699710748,42.910000000000004,130.215,3,4,2,,,-6.608000000000009,248.20599999999956,467.1102445067547,329.7,1162.9799999999989,42,0,0
"7483_11",,,-46.5,7.4,24.85,0.4168999999999994,32.12409999999999,50.257132104163446,27.64,112.196,1,3,0,,,-6.608000000000009,248.20599999999956,467.1102445067547,329.7,1162.9799999999989,42,0,0
"7483_12",,,-55.7,7.4,24.85,1.4431,45.90510000000001,69.35195844735328,27.64,154.277,1,3,0,,,-6.608000000000009,248.20599999999956,467.1102445067547,329.7,1162.9799999999989,42,0,0
"7483_13",,,-59.0,7.4,24.85,1.1970999999999992,43.79110000000003,68.34612729382405,27.64,152.26099999999997,1,3,0,,,-6.608000000000009,248.20599999999956,467.1102445067547,329.7,1162.9799999999989,42,0,0
"7483_14",,,-48.6,7.4,24.85,0.311999999999999,45.25090000000003,73.14036104602006,47.870000000000005,168.26,2,4,0,,,-6.608000000000009,248.20599999999956,467.1102445067547,329.7,1162.9799999999989,42,0,0
"7483_15",,,-15.6,9.2,24.85,1.3848,33.4013,52.75210108613335,37.3,122.12299999999996,2,1,1,,,20.25159999999998,436.5724000000014,720.2283402399862,446.08,1729.536,32,8,16
"7483_16",,,-25.0,9.2,24.85,1.69322,38.13830000000001,59.11704320052995,37.3,136.14999999999998,2,1,1,,,20.25159999999998,436.5724000000014,720.2283402399862,446.08,1729.536,32,8,16
"7483_17",,,-26.3,9.2,24.85,1.9472,42.77930000000002,65.48198531492656,37.3,150.17699999999996,2,1,2,,,20.25159999999998,436.5724000000014,720.2283402399862,446.08,1729.536,32,8,16
"7483_18",,,-28.1,9.2,24.85,2.0382,38.41130000000001,63.05536731301502,37.3,156.56799999999998,2,1,1,,,20.25159999999998,436.5724000000014,720.2283402399862,446.08,1729.536,32,8,16
"7483_19",,,-22.0,9.2,24.85,2.0382,38.41130000000001,63.05536731301502,37.3,156.56799999999998,2,1,1,,,20.25159999999998,436.5724000000014,720.2283402399862,446.08,1729.536,32,8,16
"7483_20",,,-23.0,9.2,24.85,1.6513,34.21079999999999,54.87882841291975,37.3,128.17100000000002,2,1,1,,,20.25159999999998,436.5724000000014,720.2283402399862,446.08,1729.536,32,8,16
"7483_21",,,-32.0,9.2,24.85,1.8973,38.757799999999996,61.24377052731635,37.3,142.19799999999998,2,1,1,,,20.25159999999998,436.5724000000014,720.2283402399862,446.08,1729.536,32,8,16
"7483_22",,,-15.6,9.2,24.85,1.2612,29.593799999999987,48.51388629852314,37.3,114.14400000000002,2,1,1,,,20.25159999999998,436.5724000000014,720.2283402399862,446.08,1729.536,32,8,16
"7483_23",,,-27.7,9.2,24.85,2.0414000000000003,38.8278,61.24377052731636,37.3,142.198,2,1,1,,,20.25159999999998,436.5724000000014,720.2283402399862,446.08,1729.536,32,8,16
"7482_1",,,-24.5,7.4,24.85,3.8965400000000026,88.66570000000006,128.27609529258223,32.34,288.43500000000006,3,1,5,,,-0.9581999999999875,275.33719999999977,485.4276463041158,361.56000000000006,1193.105999999999,32,4,12
"7482_2",,,-29.7,7.4,24.85,1.7673999999999999,68.92490000000004,102.36078961703997,55.56,236.315,4,2,6,,,-0.9581999999999875,275.33719999999977,485.4276463041158,361.56000000000006,1193.105999999999,32,4,12
"7482_3",,,-28.5,7.4,24.85,3.416900000000002,103.35220000000007,154.99942580288825,63.690000000000005,359.47,6,1,11,,,-0.9581999999999875,275.33719999999977,485.4276463041158,361.56000000000006,1193.105999999999,32,4,12
"7482_4",,,-17.5,7.4,24.85,1.4455,46.81090000000002,71.14118748925014,52.32,165.19199999999998,3,2,2,,,-0.9581999999999875,275.33719999999977,485.4276463041158,361.56000000000006,1193.105999999999,32,4,12
"7482_5",,,-25.4,7.4,24.85,2.5837400000000006,72.33370000000005,103.82215798852502,32.34,234.343,3,1,5,,,-0.9581999999999875,275.33719999999977,485.4276463041158,361.56000000000006,1193.105999999999,32,4,12
"7482_6",,,-44.88,7.4,24.85,4.921480000000003,142.5533999999999,205.2700070636171,64.67999999999999,466.67000000000024,6,2,13,,,-0.9581999999999875,275.33719999999977,485.4276463041158,361.56000000000006,1193.105999999999,32,4,12
"7482_7",,,-32.9,7.4,24.85,3.3972000000000024,87.91020000000006,128.03052956122173,41.57,292.423,4,1,10,,,-0.9581999999999875,275.33719999999977,485.4276463041158,361.56000000000006,1193.105999999999,32,4,12
"7482_8",,,-25.6,7.0,26.85,1.1919999999999997,71.05800000000004,106.68188761964994,17.619999999999997,244.34199999999998,4,0,2,,,-6.608000000000009,248.20599999999956,467.1102445067547,329.7,1162.9799999999989,42,0,0
"7482_9",,,-31.1,7.0,26.85,2.224,89.73800000000004,132.14165607723635,17.619999999999997,300.45,4,0,4,,,-6.608000000000009,248.20599999999956,467.1102445067547,329.7,1162.9799999999989,42,0,0
"7482_10",,,-40.2,7.0,26.85,1.1919999999999997,71.05800000000004,106.68188761964994,17.619999999999997,244.34199999999998,4,0,2,,,-7.552000000000019,283.6640000000002,533.6447826134475,376.8,1329.119999999999,48,0,0
"7482_11",,,-37.6,7.0,26.85,2.224,89.73800000000004,132.14165607723635,17.619999999999997,300.45,4,0,4,,,-7.552000000000019,283.6640000000002,533.6447826134475,376.8,1329.119999999999,48,0,0
"3553_1",,,-29.0,7.0,25.0,2.5454,45.61280000000002,64.90730140342819,20.23,144.17299999999997,1,1,0,,,-7.552000000000019,283.6640000000002,533.6447826134475,376.8,1329.119999999999,48,0,0
"3553_2",,,-27.6,7.0,25.0,2.2510000000000003,47.27760000000003,69.7015351556242,40.46,160.172,2,2,0,,,-7.552000000000019,283.6640000000002,533.6447826134475,376.8,1329.119999999999,48,0,0
"3553_3",,,-27.6,7.0,25.0,2.2510000000000003,47.27760000000003,69.7015351556242,40.46,160.172,2,2,0,,,-7.552000000000019,283.6640000000002,533.6447826134475,376.8,1329.119999999999,48,0,0
"3553_4",,,-23.9,7.0,25.0,1.3921999999999999,28.106799999999993,42.22563687169298,20.23,94.11299999999999,1,1,0,,,-7.552000000000019,283.6640000000002,533.6447826134475,376.8,1329.119999999999,48,0,0
"3553_5",,,-21.0,7.0,25.0,1.9968,40.82380000000001,61.48747499273661,20.23,220.00900000000001,1,1,0,,,-7.552000000000019,283.6640000000002,533.6447826134475,376.8,1329.119999999999,48,0,0
"3553_6",,,-30.1,7.0,25.0,2.1678999999999995,38.29870000000001,53.322228072246475,15.79,117.15099999999997,1,1,0,,,-7.552000000000019,283.6640000000002,533.6447826134475,376.8,1329.119999999999,48,0,0
"3553_7",,,-26.0,7.0,25.0,1.1223,57.61390000000001,86.71270096468879,79.11000000000001,204.22899999999998,4,4,3,,,-7.552000000000019,283.6640000000002,533.6447826134475,376.8,1329.119999999999,48,0,0
"3553_8",,,-20.5,7.0,25.0,1.1209,34.229800000000004,57.811838291574105,38.69,138.122,3,1,0,,,-7.552000000000019,283.6640000000002,533.6447826134475,376.8,1329.119999999999,48,0,0
"3553_9",,,-24.7,7.0,25.0,4.910500000000094,1293.3417000000104,2121.8188396393934,1090.5500000000013,5223.266999999996,117,1,343,,,-7.552000000000019,283.6640000000002,533.6447826134475,376.8,1329.119999999999,48,0,0
"3553_10",,,-29.0,7.0,25.0,5.424300000000095,1301.2717000000105,2134.1942693137225,1090.5500000000013,5249.304999999997,117,1,344,,,-7.552000000000019,283.6640000000002,533.6447826134475,376.8,1329.119999999999,48,0,0
"3553_11",,,-32.7,7.0,25.0,5.665300000000107,1309.6657000000105,2148.77332077911,1112.9200000000014,5293.313999999998,119,1,344,,,-7.552000000000019,283.6640000000002,533.6447826134475,376.8,1329.119999999999,48,0,0
"3553_12",,,-28.1,7.0,27.0,4.910500000000094,1293.3417000000104,2121.8188396393934,1090.5500000000013,5223.266999999996,117,1,343,,,-7.552000000000019,283.6640000000002,533.6447826134475,376.8,1329.119999999999,48,0,0
"3553_13",,,-26.8,7.0,27.0,5.424300000000095,1301.2717000000105,2134.1942693137225,1090.5500000000013,5249.304999999997,117,1,344,,,-7.552000000000019,283.6640000000002,533.6447826134475,376.8,1329.119999999999,48,0,0
"3553_14",,,-28.5,7.0,27.0,5.665300000000107,1309.6657000000105,2148.77332077911,1112.9200000000014,5293.313999999998,119,1,344,,,-7.552000000000019,283.6640000000002,533.6447826134475,376.8,1329.119999999999,48,0,0
"3553_15",,,-29.0,7.0,27.0,-2.696799999999998,79.70520000000002,131.5952379895789,141.76,318.333,8,6,7,,,-7.552000000000019,283.6640000000002,533.6447826134475,376.8,1329.119999999999,48,0,0
"3553_16",,,-24.3,7.0,27.0,-2.696799999999996,79.70520000000002,131.59523798957886,141.76,318.3330000000001,8,6,7,,,-7.552000000000019,283.6640000000002,533.6447826134475,376.8,1329.119999999999,48,0,0
"3553_17",,,-21.0,7.0,27.0,-2.696799999999996,79.70520000000003,131.59523798957886,141.76,318.3330000000001,8,6,7,,,-7.552000000000019,283.6640000000002,533.6447826134475,376.8,1329.119999999999,48,0,0
"3553_18",,,-33.1,7.0,27.0,0.3189999999999995,61.74800000000003,93.95200339085672,17.619999999999997,216.28799999999998,4,0,0,,,-7.552000000000019,283.6640000000002,533.6447826134475,376.8,1329.119999999999,48,0,0
"3553_19",,,-21.8,7.0,27.0,0.3189999999999995,61.74800000000003,93.95200339085672,17.619999999999997,216.28799999999998,4,0,0,,,-6.608000000000009,248.20599999999956,467.1102445067547,329.7,1162.9799999999989,42,0,0
"3552_1",,,-32.92,7.0,25.0,2.2510000000000003,47.27760000000003,69.7015351556242,40.46,160.172,2,2,0,,,-7.552000000000019,283.6640000000002,533.6447826134475,376.8,1329.119999999999,48,0,0
"3552_2",,,-29.68,7.0,25.0,2.2510000000000003,47.27760000000003,69.7015351556242,40.46,160.172,2,2,0,,,-7.552000000000019,283.6640000000002,533.6447826134475,376.8,1329.119999999999,48,0,0
"3552_3",,,-23.56,7.0,25.0,0.7855000000000001,34.95990000000001,53.29775803095004,43.09,121.13899999999995,2,2,1,,,-7.552000000000019,283.6640000000002,533.6447826134475,376.8,1329.119999999999,48,0,0
"3552_4",,,-14.67,7.0,25.0,0.8033999999999999,31.436399999999995,51.814104376085,60.69,126.11099999999996,3,3,0,,,-7.552000000000019,283.6640000000002,533.6447826134475,376.8,1329.119999999999,48,0,0
"3552_5",,,-29.11,7.0,25.0,2.2509999999999994,47.27760000000002,69.70153515562419,40.46,160.172,2,2,0,,,-7.552000000000019,283.6640000000002,533.6447826134475,376.8,1329.119999999999,48,0,0
"3552_6",,,-27.86,7.0,25.0,2.2509999999999994,47.27760000000003,69.7015351556242,40.46,160.172,2,2,0,,,-7.552000000000019,283.6640000000002,533.6447826134475,376.8,1329.119999999999,48,0,0
"3552_7",,,-27.01,7.0,25.0,2.2510000000000003,47.27760000000003,69.7015351556242,40.46,160.172,2,2,0,,,-7.552000000000019,283.6640000000002,533.6447826134475,376.8,1329.119999999999,48,0,0
"3552_8",,,-20.68,7.0,25.0,1.0977999999999999,29.771599999999996,47.01987062388899,40.46,110.11199999999998,2,2,0,,,-7.552000000000019,283.6640000000002,533.6447826134475,376.8,1329.119999999999,48,0,0
"3552_9",,,-31.4,7.0,25.0,2.251000000000001,47.27760000000002,69.7015351556242,40.46,160.17199999999997,2,2,0,,,-7.552000000000019,283.6640000000002,533.6447826134475,376.8,1329.119999999999,48,0,0
"3552_10",,,-24.62,7.0,25.0,1.1209,34.229800000000004,57.811838291574105,38.69,138.122,3,1,0,,,-7.552000000000019,283.6640000000002,533.6447826134475,376.8,1329.119999999999,48,0,0
"3552_11",,,-21.2,7.0,25.0,1.0977999999999999,29.771599999999992,47.01987062388899,40.46,110.11199999999998,2,2,0,,,-7.552000000000019,283.6640000000002,533.6447826134475,376.8,1329.119999999999,48,0,0
"3552_12",,,-20.0,7.0,25.0,1.26388,32.8218,52.9831586675583,44.019999999999996,119.12299999999999,2,1,0,,,-7.552000000000019,283.6640000000002,533.6447826134475,376.8,1329.119999999999,48,0,0
"3552_13",,,-32.54,7.0,25.0,2.5540000000000003,52.16480000000003,76.38578874733166,29.46,174.19899999999998,2,1,1,,,-7.552000000000019,283.6640000000002,533.6447826134475,376.8,1329.119999999999,48,0,0
"3552_14",,,-22.93,7.0,25.0,1.0977999999999999,29.771599999999992,47.01987062388899,40.46,110.11199999999998,2,2,0,,,-7.552000000000019,283.6640000000002,533.6447826134475,376.8,1329.119999999999,48,0,0
"3552_15",,,-21.73,7.0,25.0,0.9578999999999998,33.88869999999999,51.69843117094895,41.57,119.127,3,1,0,,,-7.552000000000019,283.6640000000002,533.6447826134475,376.8,1329.119999999999,48,0,0
"3552_16",,,-21.22,7.0,25.0,1.26388,32.821799999999996,52.9831586675583,44.019999999999996,119.12299999999999,2,1,0,,,-7.552000000000019,283.6640000000002,533.6447826134475,376.8,1329.119999999999,48,0,0
"3552_17",,,-21.13,7.0,25.0,1.4008,34.6588,53.704124215596465,29.46,124.13899999999997,2,1,1,,,-7.552000000000019,283.6640000000002,533.6447826134475,376.8,1329.119999999999,48,0,0
"3552_18",,,-32.99,7.0,25.0,2.5454,45.61280000000002,64.90730140342819,20.23,144.17299999999997,1,1,0,,,-7.552000000000019,283.6640000000002,533.6447826134475,376.8,1329.119999999999,48,0,0
"3552_19",,,-29.68,7.0,25.0,2.5540000000000016,52.16480000000003,76.38578874733167,29.46,174.19899999999998,2,1,1,,,-7.552000000000019,283.6640000000002,533.6447826134475,376.8,1329.119999999999,48,0,0
"3552_20",,,-21.73,7.0,25.0,1.4007999999999998,34.6588,53.704124215596465,29.46,124.13899999999997,2,1,1,,,-7.552000000000019,283.6640000000002,533.6447826134475,376.8,1329.119999999999,48,0,0
"3552_21",,,-18.75,7.0,25.0,1.2638800000000001,32.821799999999996,52.9831586675583,44.019999999999996,119.12299999999999,2,1,0,,,-7.552000000000019,283.6640000000002,533.6447826134475,376.8,1329.119999999999,48,0,0
"3552_22",,,-31.96,7.0,25.0,2.5454000000000008,45.61280000000003,64.90730140342818,20.23,144.17299999999997,1,1,0,,,-7.552000000000019,283.6640000000002,533.6447826134475,376.8,1329.119999999999,48,0,0
"3552_23",,,-27.25,7.0,25.0,2.0456,33.1168,52.52890309857465,20.23,128.558,1,1,0,,,-7.552000000000019,283.6640000000002,533.6447826134475,376.8,1329.119999999999,48,0,0
"3552_24",,,-22.6,7.0,25.0,2.1547,35.80680000000001,56.09318447733433,20.23,173.00900000000001,1,1,0,,,-7.552000000000019,283.6640000000002,533.6447826134475,376.8,1329.119999999999,48,0,0
"3552_25",,,-23.5,7.0,25.0,2.0456,33.1168,52.52890309857465,20.23,128.558,1,1,0,,,-7.552000000000019,283.6640000000002,533.6447826134475,376.8,1329.119999999999,48,0,0
"3552_26",,,-24.82,7.0,25.0,1.3921999999999999,28.106799999999993,42.22563687169298,20.23,94.11299999999999,1,1,0,,,-7.552000000000019,283.6640000000002,533.6447826134475,376.8,1329.119999999999,48,0,0
"3552_27",,,-23.47,7.0,25.0,1.9968,40.82380000000001,61.48747499273661,20.23,220.00900000000001,1,1,0,,,-7.552000000000019,283.6640000000002,533.6447826134475,376.8,1329.119999999999,48,0,0
"3552_28",,,-23.15,7.0,25.0,1.4008,34.6588,53.704124215596465,29.46,124.13899999999997,2,1,1,,,-7.552000000000019,283.6640000000002,533.6447826134475,376.8,1329.119999999999,48,0,0
"3552_29",,,-21.88,7.0,25.0,-1.3067000000000009,67.9689,107.30069818656186,153.79999999999998,291.204,10,6,5,,,-7.552000000000019,283.6640000000002,533.6447826134475,376.8,1329.119999999999,48,0,0
"3552_30",,,-33.24,7.0,25.0,2.1678999999999995,38.29870000000001,53.322228072246475,15.79,117.15099999999997,1,1,0,,,-7.552000000000019,283.6640000000002,533.6447826134475,376.8,1329.119999999999,48,0,0
"3552_31",,,-27.94,7.0,25.0,2.0456000000000003,33.1168,52.52890309857465,20.23,128.558,1,1,0,,,-7.552000000000019,283.6640000000002,533.6447826134475,376.8,1329.119999999999,48,0,0
"3552_32",,,-20.75,7.0,25.0,1.7038,39.546000000000014,60.38837780730394,18.46,138.166,2,0,2,,,-7.552000000000019,283.6640000000002,533.6447826134475,376.8,1329.119999999999,48,0,0
"3550_1",,,-29.27,7.0,25.0,2.481900000000001,55.724600000000045,81.97713967618768,40.46,188.31099999999998,2,2,10,,,-23.699199999999998,402.34520000000066,751.9437202204886,909.3400000000006,1975.8120000000026,58,34,15
"3550_2",,,-35.63,7.0,25.0,2.872000000000002,60.34160000000006,88.34208179058429,40.46,202.33799999999997,2,2,11,,,-23.699199999999998,402.34520000000066,751.9437202204886,909.3400000000006,1975.8120000000026,58,34,15
"3550_3",,,-39.69,7.0,25.0,3.2621000000000024,64.95860000000006,94.7070239049809,40.46,216.36499999999995,2,2,12,,,-23.699199999999998,402.34520000000066,751.9437202204886,909.3400000000006,1975.8120000000026,58,34,15
"3550_4",,,-42.831,7.0,25.0,3.6522000000000037,69.57560000000005,101.07196601937751,40.46,230.39199999999994,2,2,13,,,-23.699199999999998,402.34520000000066,751.9437202204886,909.3400000000006,1975.8120000000026,58,34,15
"3550_5",,,-28.81,7.0,25.0,1.7017,46.49060000000002,69.24725544739444,40.46,160.257,2,2,8,,,-21.288799999999988,413.0896000000007,760.9956036996473,868.8800000000006,2005.9320000000025,56,32,8
"3550_6",,,-36.26,7.0,25.0,2.0918000000000005,51.10760000000003,75.61219756179106,40.46,174.284,2,2,9,,,-21.288799999999988,413.0896000000007,760.9956036996473,868.8800000000006,2005.9320000000025,56,32,8
"3550_7",,,-42.663,7.0,25.0,2.481900000000001,55.724600000000045,81.97713967618768,40.46,188.31099999999998,2,2,10,,,-21.288799999999988,413.0896000000007,760.9956036996473,868.8800000000006,2005.9320000000025,56,32,8
"3550_8",,,-49.614,7.0,25.0,2.872000000000002,60.34160000000006,88.34208179058429,40.46,202.33799999999997,2,2,11,,,-21.288799999999988,413.0896000000007,760.9956036996473,868.8800000000006,2005.9320000000025,56,32,8
"3550_9",,,-53.717,7.0,25.0,3.2621000000000024,64.95860000000006,94.7070239049809,40.46,216.36499999999995,2,2,12,,,-21.288799999999988,413.0896000000007,760.9956036996473,868.8800000000006,2005.9320000000025,56,32,8
"3550_10",,,-56.731,7.0,25.0,3.6522000000000037,69.57560000000005,101.07196601937751,40.46,230.39199999999994,2,2,13,,,-21.288799999999988,413.0896000000007,760.9956036996473,868.8800000000006,2005.9320000000025,56,32,8
"3550_11",,,-36.09,7.0,25.0,2.7293000000000016,45.078800000000015,64.45302169519843,20.23,144.258,1,1,7,,,-21.288799999999988,413.0896000000007,760.9956036996473,868.8800000000006,2005.9320000000025,56,32,8
"3550_12",,,-41.9,7.0,25.0,3.119400000000002,49.69580000000003,70.81796380959506,20.23,158.285,1,1,8,,,-21.288799999999988,413.0896000000007,760.9956036996473,868.8800000000006,2005.9320000000025,56,32,8
"3549_1",,,-12.7,7.2,25.0,0.9213,24.474799999999988,37.987422084082766,20.23,86.134,1,1,0,,,-15.23060000000003,228.4337999999996,433.92377049906946,554.0500000000002,1134.9870000000014,35,21,7
"3549_2",,,-16.26,7.2,25.0,1.3114,29.091799999999985,44.35236419847938,20.23,100.161,1,1,0,,,-15.23060000000003,228.4337999999996,433.92377049906946,554.0500000000002,1134.9870000000014,35,21,7
"3549_3",,,-19.23,7.2,25.0,1.7015,33.70879999999999,50.71730631287599,20.23,114.188,1,1,0,,,-15.23060000000003,228.4337999999996,433.92377049906946,554.0500000000002,1134.9870000000014,35,21,7
"3549_4",,,-20.8,7.2,25.0,2.0915999999999997,38.3258,57.0822484272726,20.23,128.215,1,1,0,,,-15.23060000000003,228.4337999999996,433.92377049906946,554.0500000000002,1134.9870000000014,35,21,7
"3549_5",,,-22.36,7.2,25.0,2.401700000000001,44.23600000000002,68.17358985038433,17.07,152.237,1,0,0,,,-15.23060000000003,228.4337999999996,433.92377049906946,554.0500000000002,1134.9870000000014,35,21,7
"3549_6",,,-21.11,7.2,25.0,2.401700000000001,44.23600000000002,68.17358985038433,17.07,152.237,1,0,0,,,-15.23060000000003,228.4337999999996,433.92377049906946,554.0500000000002,1134.9870000000014,35,21,7
"3549_7",,,-24.38,7.2,25.0,2.1935000000000002,45.23580000000002,68.80630150253657,20.23,154.253,1,1,0,,,-15.23060000000003,228.4337999999996,433.92377049906946,554.0500000000002,1134.9870000000014,35,21,7
"3549_8",,,-24.52,7.2,25.0,2.1935000000000002,45.23580000000002,68.80630150253657,20.23,154.253,1,1,0,,,-15.23060000000003,228.4337999999996,433.92377049906946,554.0500000000002,1134.9870000000014,35,21,7
"3549_9",,,-14.8,7.2,25.0,0.9213,24.474799999999988,37.987422084082766,20.23,86.134,1,1,0,,,-13.143900000000029,253.28499999999948,469.3001761824443,543.0500000000002,1211.0850000000014,35,20,9
"3549_10",,,-16.68,7.2,25.0,1.3114,29.091799999999985,44.35236419847938,20.23,100.161,1,1,0,,,-13.143900000000029,253.28499999999948,469.3001761824443,543.0500000000002,1211.0850000000014,35,20,9
"3549_11",,,-20.25,7.2,25.0,1.7015,33.70879999999999,50.71730631287599,20.23,114.188,1,1,0,,,-13.143900000000029,253.28499999999948,469.3001761824443,543.0500000000002,1211.0850000000014,35,20,9
"3549_12",,,-21.86,7.2,25.0,2.0915999999999997,38.3258,57.0822484272726,20.23,128.215,1,1,0,,,-13.143900000000029,253.28499999999948,469.3001761824443,543.0500000000002,1211.0850000000014,35,20,9
"3549_13",,,-23.61,7.2,25.0,2.401700000000001,44.23600000000002,68.17358985038433,17.07,152.237,1,0,0,,,-13.143900000000029,253.28499999999948,469.3001761824443,543.0500000000002,1211.0850000000014,35,20,9
"3549_14",,,-21.48,7.2,25.0,2.401700000000001,44.23600000000002,68.17358985038433,17.07,152.237,1,0,0,,,-13.143900000000029,253.28499999999948,469.3001761824443,543.0500000000002,1211.0850000000014,35,20,9
"3549_15",,,-25.96,7.2,25.0,2.1935000000000002,45.23580000000002,68.80630150253657,20.23,154.253,1,1,0,,,-13.143900000000029,253.28499999999948,469.3001761824443,543.0500000000002,1211.0850000000014,35,20,9
"3549_16",,,-25.74,7.2,25.0,2.1935000000000002,45.23580000000002,68.80630150253657,20.23,154.253,1,1,0,,,-13.143900000000029,253.28499999999948,469.3001761824443,543.0500000000002,1211.0850000000014,35,20,9
"3549_17",,,-15.94,7.2,25.0,0.9213,24.474799999999988,37.987422084082766,20.23,86.134,1,1,0,,,-13.33140000000003,258.67249999999945,479.8266403968847,560.1200000000002,1239.0950000000014,36,20,10
"3549_18",,,-17.06,7.2,25.0,1.3114,29.091799999999985,44.35236419847938,20.23,100.161,1,1,0,,,-13.33140000000003,258.67249999999945,479.8266403968847,560.1200000000002,1239.0950000000014,36,20,10
"3549_19",,,-20.19,7.2,25.0,1.7015,33.70879999999999,50.71730631287599,20.23,114.188,1,1,0,,,-13.33140000000003,258.67249999999945,479.8266403968847,560.1200000000002,1239.0950000000014,36,20,10
"3549_20",,,-21.85,7.2,25.0,2.0915999999999997,38.3258,57.0822484272726,20.23,128.215,1,1,0,,,-13.33140000000003,258.67249999999945,479.8266403968847,560.1200000000002,1239.0950000000014,36,20,10
"3549_21",,,-23.35,7.2,25.0,2.401700000000001,44.23600000000002,68.17358985038433,17.07,152.237,1,0,0,,,-13.33140000000003,258.67249999999945,479.8266403968847,560.1200000000002,1239.0950000000014,36,20,10
"3549_22",,,-22.5,7.2,25.0,2.401700000000001,44.23600000000002,68.17358985038433,17.07,152.237,1,0,0,,,-13.33140000000003,258.67249999999945,479.8266403968847,560.1200000000002,1239.0950000000014,36,20,10
"3549_23",,,-26.34,7.2,25.0,2.1935000000000002,45.23580000000002,68.80630150253657,20.23,154.253,1,1,0,,,-13.33140000000003,258.67249999999945,479.8266403968847,560.1200000000002,1239.0950000000014,36,20,10
"3549_24",,,-26.59,7.2,25.0,2.1935000000000002,45.23580000000002,68.80630150253657,20.23,154.253,1,1,0,,,-13.33140000000003,258.67249999999945,479.8266403968847,560.1200000000002,1239.0950000000014,36,20,10
"3549_25",,,-16.36,7.2,25.0,0.9213,24.474799999999988,37.987422084082766,20.23,86.134,1,1,0,,,-13.235700000000035,259.9393999999995,483.95315190494375,586.1900000000003,1256.082000000001,38,20,10
"3549_26",,,-18.05,7.2,25.0,1.3114,29.091799999999985,44.35236419847938,20.23,100.161,1,1,0,,,-13.235700000000035,259.9393999999995,483.95315190494375,586.1900000000003,1256.082000000001,38,20,10
"3549_27",,,-21.12,7.2,25.0,1.7015,33.70879999999999,50.71730631287599,20.23,114.188,1,1,0,,,-13.235700000000035,259.9393999999995,483.95315190494375,586.1900000000003,1256.082000000001,38,20,10
"3549_28",,,-22.83,7.2,25.0,2.0915999999999997,38.3258,57.0822484272726,20.23,128.215,1,1,0,,,-13.235700000000035,259.9393999999995,483.95315190494375,586.1900000000003,1256.082000000001,38,20,10
"3549_29",,,-25.85,7.2,25.0,2.401700000000001,44.23600000000002,68.17358985038433,17.07,152.237,1,0,0,,,-13.235700000000035,259.9393999999995,483.95315190494375,586.1900000000003,1256.082000000001,38,20,10
"3549_30",,,-22.98,7.2,25.0,2.401700000000001,44.23600000000002,68.17358985038433,17.07,152.237,1,0,0,,,-13.235700000000035,259.9393999999995,483.95315190494375,586.1900000000003,1256.082000000001,38,20,10
"3549_31",,,-28.7,7.2,25.0,2.1935000000000002,45.23580000000002,68.80630150253657,20.23,154.253,1,1,0,,,-13.235700000000035,259.9393999999995,483.95315190494375,586.1900000000003,1256.082000000001,38,20,10
"3549_32",,,-26.77,7.2,25.0,2.1935000000000002,45.23580000000002,68.80630150253657,20.23,154.253,1,1,0,,,-13.235700000000035,259.9393999999995,483.95315190494375,586.1900000000003,1256.082000000001,38,20,10
"3549_33",,,-14.85,7.2,25.0,0.9213,24.474799999999988,37.987422084082766,20.23,86.134,1,1,0,,,-12.381400000000028,260.9849999999995,483.16772378808565,543.0500000000002,1289.9810000000014,35,20,9
"3549_34",,,-18.35,7.2,25.0,1.3114,29.091799999999985,44.35236419847938,20.23,100.161,1,1,0,,,-12.381400000000028,260.9849999999995,483.16772378808565,543.0500000000002,1289.9810000000014,35,20,9
"3549_35",,,-22.11,7.2,25.0,1.7015,33.70879999999999,50.71730631287599,20.23,114.188,1,1,0,,,-12.381400000000028,260.9849999999995,483.16772378808565,543.0500000000002,1289.9810000000014,35,20,9
"3549_36",,,-24.01,7.2,25.0,2.0915999999999997,38.3258,57.0822484272726,20.23,128.215,1,1,0,,,-12.381400000000028,260.9849999999995,483.16772378808565,543.0500000000002,1289.9810000000014,35,20,9
"3549_37",,,-24.92,7.2,25.0,2.401700000000001,44.23600000000002,68.17358985038433,17.07,152.237,1,0,0,,,-12.381400000000028,260.9849999999995,483.16772378808565,543.0500000000002,1289.9810000000014,35,20,9
"3549_38",,,-23.18,7.2,25.0,2.401700000000001,44.23600000000002,68.17358985038433,17.07,152.237,1,0,0,,,-12.381400000000028,260.9849999999995,483.16772378808565,543.0500000000002,1289.9810000000014,35,20,9
"3549_39",,,-28.18,7.2,25.0,2.1935000000000002,45.23580000000002,68.80630150253657,20.23,154.253,1,1,0,,,-12.381400000000028,260.9849999999995,483.16772378808565,543.0500000000002,1289.9810000000014,35,20,9
"3549_40",,,-28.35,7.2,25.0,2.1935000000000002,45.23580000000002,68.80630150253657,20.23,154.253,1,1,0,,,-12.381400000000028,260.9849999999995,483.16772378808565,543.0500000000002,1289.9810000000014,35,20,9
"3549_41",,,-15.94,7.2,25.0,0.9213,24.474799999999988,37.987422084082766,20.23,86.134,1,1,0,,,-12.490500000000027,258.29499999999945,479.60344240932596,543.0500000000002,1245.5300000000013,35,20,9
"3549_42",,,-17.68,7.2,25.0,1.3114,29.091799999999985,44.35236419847938,20.23,100.161,1,1,0,,,-12.490500000000027,258.29499999999945,479.60344240932596,543.0500000000002,1245.5300000000013,35,20,9
"3549_43",,,-22.25,7.2,25.0,1.7015,33.70879999999999,50.71730631287599,20.23,114.188,1,1,0,,,-12.490500000000027,258.29499999999945,479.60344240932596,543.0500000000002,1245.5300000000013,35,20,9
"3549_44",,,-23.98,7.2,25.0,2.0915999999999997,38.3258,57.0822484272726,20.23,128.215,1,1,0,,,-12.490500000000027,258.29499999999945,479.60344240932596,543.0500000000002,1245.5300000000013,35,20,9
"3549_45",,,-26.8,7.2,25.0,2.401700000000001,44.23600000000002,68.17358985038433,17.07,152.237,1,0,0,,,-12.490500000000027,258.29499999999945,479.60344240932596,543.0500000000002,1245.5300000000013,35,20,9
"3549_46",,,-23.36,7.2,25.0,2.401700000000001,44.23600000000002,68.17358985038433,17.07,152.237,1,0,0,,,-12.490500000000027,258.29499999999945,479.60344240932596,543.0500000000002,1245.5300000000013,35,20,9
"3549_47",,,-29.26,7.2,25.0,2.1935000000000002,45.23580000000002,68.80630150253657,20.23,154.253,1,1,0,,,-12.490500000000027,258.29499999999945,479.60344240932596,543.0500000000002,1245.5300000000013,35,20,9
"3549_48",,,-28.27,7.2,25.0,2.1935000000000002,45.23580000000002,68.80630150253657,20.23,154.253,1,1,0,,,-12.490500000000027,258.29499999999945,479.60344240932596,543.0500000000002,1245.5300000000013,35,20,9
"3549_49",,,-24.37,7.2,25.0,2.401700000000001,44.23600000000002,68.17358985038433,17.07,152.237,1,0,0,,,-13.660300000000028,259.7372999999995,484.6208741490807,580.3500000000003,1255.0940000000014,37,21,9
"3549_50",,,-23.77,7.2,25.0,2.401700000000001,44.23600000000002,68.17358985038433,17.07,152.237,1,0,0,,,-13.660300000000028,259.7372999999995,484.6208741490807,580.3500000000003,1255.0940000000014,37,21,9
"3549_51",,,-28.09,7.2,25.0,2.1935000000000002,45.23580000000002,68.80630150253657,20.23,154.253,1,1,0,,,-13.660300000000028,259.7372999999995,484.6208741490807,580.3500000000003,1255.0940000000014,37,21,9
"3549_52",,,-28.34,7.2,25.0,2.1935000000000002,45.23580000000002,68.80630150253657,20.23,154.253,1,1,0,,,-13.660300000000028,259.7372999999995,484.6208741490807,580.3500000000003,1255.0940000000014,37,21,9
"3546_1",,,-9.1,7.0,35.05,2.7394000000000007,73.50080000000007,103.42310882858287,0.0,230.43999999999994,2,0,9,,,-13.054800000000023,195.80039999999966,372.1301572506171,474.9000000000001,972.8460000000011,30,18,6
"3546_2",,,-17.0,7.0,35.05,3.5196000000000023,82.73480000000008,116.1529930573761,0.0,258.4939999999999,2,0,11,,,-13.054800000000023,195.80039999999966,372.1301572506171,474.9000000000001,972.8460000000011,30,18,6
"3546_3",,,-21.2,7.0,35.05,4.299800000000004,91.96880000000009,128.8828772861693,0.0,286.54799999999994,2,0,13,,,-13.054800000000023,195.80039999999966,372.1301572506171,474.9000000000001,972.8460000000011,30,18,6
"3546_4",,,-12.6,7.0,35.05,3.5196000000000023,82.73480000000008,116.1529930573761,0.0,258.4939999999999,2,0,11,,,-15.23060000000003,228.4337999999996,433.92377049906946,554.0500000000002,1134.9870000000014,35,21,7
"3546_5",,,-19.4,7.0,35.05,4.299800000000004,91.96880000000009,128.8828772861693,0.0,286.54799999999994,2,0,13,,,-15.23060000000003,228.4337999999996,433.92377049906946,554.0500000000002,1134.9870000000014,35,21,7
"3545_1",,,-20.64,7.2,25.0,2.782000000000001,57.62240000000005,81.94531551713972,0.0,179.30700000000002,1,0,5,,,-15.23060000000003,228.4337999999996,433.92377049906946,554.0500000000002,1134.9870000000014,35,21,7
"3545_2",,,-19.95,7.2,25.0,2.782000000000001,57.62240000000005,81.94531551713972,0.0,179.30700000000002,1,0,5,,,-15.981000000000023,229.1030999999996,434.4694274438861,561.4600000000003,1135.0110000000013,35,23,7
"3545_3",,,-22.18,7.2,25.0,2.782000000000001,57.62240000000005,81.94531551713972,0.0,179.30700000000002,1,0,5,,,-13.445700000000029,260.2442999999995,484.6208741490807,580.3500000000003,1255.0940000000014,37,21,10
"3545_4",,,-21.17,7.2,25.0,4.342400000000004,76.09040000000006,107.40508397472615,0.0,235.41500000000002,1,0,9,,,-15.23060000000003,228.4337999999996,433.92377049906946,554.0500000000002,1134.9870000000014,35,21,7
"3545_5",,,-20.35,7.2,25.0,4.342400000000004,76.09040000000006,107.40508397472615,0.0,235.41500000000002,1,0,9,,,-15.981000000000023,229.1030999999996,434.4694274438861,561.4600000000003,1135.0110000000013,35,23,7
"3545_6",,,-22.66,7.2,25.0,4.342400000000004,76.09040000000006,107.40508397472615,0.0,235.41500000000002,1,0,9,,,-13.445700000000029,260.2442999999995,484.6208741490807,580.3500000000003,1255.0940000000014,37,21,10
"3545_7",,,-22.27,7.2,25.0,4.342400000000004,76.09040000000006,107.40508397472615,0.0,235.41500000000002,1,0,9,,,-13.445700000000029,260.2442999999995,484.6208741490807,580.3500000000003,1255.0940000000014,37,21,10
"3545_8",,,-21.58,7.2,25.0,4.342400000000004,76.09040000000006,107.40508397472615,0.0,235.41500000000002,1,0,9,,,-13.445700000000029,260.2442999999995,484.6208741490807,580.3500000000003,1255.0940000000014,37,21,10
"3545_9",,,-18.92,7.2,25.0,4.342400000000004,76.09040000000006,107.40508397472615,0.0,235.41500000000002,1,0,9,,,-13.445700000000029,260.2442999999995,484.6208741490807,580.3500000000003,1255.0940000000014,37,21,10
"3544_1",,,-26.37,7.0,30.1,2.5500000000000007,54.25440000000004,81.07601152261728,26.02,179.30699999999996,1,2,1,,,-15.23060000000003,228.4337999999996,433.92377049906946,554.0500000000002,1134.9870000000014,35,21,7
"3544_2",,,-29.89,7.0,30.1,2.1951,47.690800000000024,74.16541246340397,20.23,166.26399999999995,1,1,1,,,-15.23060000000003,228.4337999999996,433.92377049906946,554.0500000000002,1134.9870000000014,35,21,7
"3544_3",,,-24.86,7.0,30.1,2.5500000000000007,54.25440000000004,81.07601152261728,26.02,179.30699999999996,1,2,1,,,-15.981000000000023,229.1030999999996,434.4694274438861,561.4600000000003,1135.0110000000013,35,23,7
"3544_4",,,-29.05,7.0,30.1,2.1951,47.690800000000024,74.16541246340397,20.23,166.26399999999995,1,1,1,,,-15.981000000000023,229.1030999999996,434.4694274438861,561.4600000000003,1135.0110000000013,35,23,7
"3544_5",,,-13.82,7.0,30.1,2.5500000000000007,54.25440000000004,81.07601152261728,26.02,179.30699999999996,1,2,1,,,-15.26420000000003,230.4023999999996,434.46942744388605,559.8400000000001,1134.0030000000013,35,22,7
"3544_6",,,-18.2,7.0,30.1,2.1951,47.690800000000024,74.16541246340397,20.23,166.26399999999995,1,1,1,,,-15.26420000000003,230.4023999999996,434.46942744388605,559.8400000000001,1134.0030000000013,35,22,7
"3542_1",,,-7.9,6.9,25.0,1.2514999999999996,99.12800000000004,156.58079241247324,115.73000000000002,370.4050000000001,7,4,8,,,-17.406400000000005,261.0671999999995,495.7173837475217,633.2000000000003,1297.1280000000015,40,24,8
"3542_2",,,-8.3,6.9,25.0,1.2514999999999996,99.12800000000004,156.58079241247324,115.73000000000002,370.4050000000001,7,4,8,,,-17.406400000000005,261.0671999999995,495.7173837475217,633.2000000000003,1297.1280000000015,40,24,8
"3542_3",,,-11.08,6.9,25.0,1.2514999999999996,99.12800000000004,156.58079241247324,115.73000000000002,370.4050000000001,7,4,8,,,-17.406400000000005,261.0671999999995,495.7173837475217,633.2000000000003,1297.1280000000015,40,24,8
"3542_4",,,-10.94,6.9,25.0,1.2514999999999996,99.12800000000004,156.58079241247324,115.73000000000002,370.4050000000001,7,4,8,,,-17.406400000000005,261.0671999999995,495.7173837475217,633.2000000000003,1297.1280000000015,40,24,8
"3542_5",,,-8.88,6.9,25.0,1.2514999999999992,99.12800000000004,156.58079241247324,115.73000000000002,370.4050000000001,7,4,8,,,-17.406400000000005,261.0671999999995,495.7173837475217,633.2000000000003,1297.1280000000015,40,24,8
"3542_6",,,-9.14,6.9,25.0,1.2514999999999992,99.12800000000004,156.58079241247324,115.73000000000002,370.4050000000001,7,4,8,,,-17.406400000000005,261.0671999999995,495.7173837475217,633.2000000000003,1297.1280000000015,40,24,8
"3542_7",,,-10.37,6.9,25.0,1.2514999999999992,99.12800000000004,156.58079241247324,115.73000000000002,370.4050000000001,7,4,8,,,-17.406400000000005,261.0671999999995,495.7173837475217,633.2000000000003,1297.1280000000015,40,24,8
"3542_8",,,-10.37,6.9,25.0,1.2514999999999992,99.12800000000004,156.58079241247324,115.73000000000002,370.4050000000001,7,4,8,,,-17.406400000000005,261.0671999999995,495.7173837475217,633.2000000000003,1297.1280000000015,40,24,8
"3542_9",,,-8.4,6.9,25.0,0.9570999999999996,100.79280000000004,161.37502616466926,135.96,386.4040000000001,8,5,8,,,-17.406400000000005,261.0671999999995,495.7173837475217,633.2000000000003,1297.1280000000015,40,24,8
"3542_10",,,-8.95,6.9,25.0,0.9570999999999996,100.79280000000004,161.37502616466926,135.96,386.4040000000001,8,5,8,,,-17.406400000000005,261.0671999999995,495.7173837475217,633.2000000000003,1297.1280000000015,40,24,8
"3542_11",,,-10.4,6.9,25.0,0.9570999999999996,100.79280000000004,161.37502616466926,135.96,386.4040000000001,8,5,8,,,-17.406400000000005,261.0671999999995,495.7173837475217,633.2000000000003,1297.1280000000015,40,24,8
"3542_12",,,-10.53,6.9,25.0,0.9570999999999996,100.79280000000004,161.37502616466926,135.96,386.4040000000001,8,5,8,,,-17.406400000000005,261.0671999999995,495.7173837475217,633.2000000000003,1297.1280000000015,40,24,8
"3542_13",,,-12.8,6.9,25.0,2.3143000000000002,82.99730000000004,132.88812701513856,95.86,315.325,6,3,6,,,-17.406400000000005,261.0671999999995,495.7173837475217,633.2000000000003,1297.1280000000015,40,24,8
"3542_14",,,-13.03,6.9,25.0,2.3143000000000002,82.99730000000004,132.88812701513856,95.86,315.325,6,3,6,,,-17.406400000000005,261.0671999999995,495.7173837475217,633.2000000000003,1297.1280000000015,40,24,8
"3542_15",,,-12.8,6.9,25.0,2.6087000000000007,81.33250000000005,128.09389326294254,75.63000000000001,299.326,5,2,6,,,-17.406400000000005,261.0671999999995,495.7173837475217,633.2000000000003,1297.1280000000015,40,24,8
"3542_16",,,-12.94,6.9,25.0,2.6087000000000007,81.33250000000005,128.09389326294254,75.63000000000001,299.326,5,2,6,,,-17.406400000000005,261.0671999999995,495.7173837475217,633.2000000000003,1297.1280000000015,40,24,8
"3542_17",,,-9.05,6.9,25.0,2.998800000000001,85.94950000000006,134.4588353773391,75.63000000000001,313.353,5,2,7,,,-17.406400000000005,261.0671999999995,495.7173837475217,633.2000000000003,1297.1280000000015,40,24,8
"3542_18",,,-7.9,6.9,25.0,2.998800000000001,85.94950000000006,134.4588353773391,75.63000000000001,313.353,5,2,7,,,-17.406400000000005,261.0671999999995,495.7173837475217,633.2000000000003,1297.1280000000015,40,24,8
"3542_19",,,-9.98,6.9,25.0,1.7248999999999999,94.34220000000003,150.5351617753875,104.73,356.3780000000001,7,3,8,,,-17.406400000000005,261.0671999999995,495.7173837475217,633.2000000000003,1297.1280000000015,40,24,8
"3542_20",,,-10.35,6.9,25.0,1.7248999999999999,94.34220000000003,150.5351617753875,104.73,356.3780000000001,7,3,8,,,-17.406400000000005,261.0671999999995,495.7173837475217,633.2000000000003,1297.1280000000015,40,24,8
"3542_21",,,-6.4,6.9,25.0,0.8411000000000005,107.35190000000001,172.97643028783256,133.82999999999998,413.4300000000002,9,4,10,,,-17.406400000000005,261.0671999999995,495.7173837475217,633.2000000000003,1297.1280000000015,40,24,8
"3542_22",,,-9.8,6.9,25.0,3.0900000000000016,93.18920000000003,143.984718215692,91.42,338.3630000000001,6,3,6,,,-17.406400000000005,261.0671999999995,495.7173837475217,633.2000000000003,1297.1280000000015,40,24,8
"3542_23",,,-10.0,6.9,25.0,3.0900000000000016,93.18920000000003,143.984718215692,91.42,338.3630000000001,6,3,6,,,-17.406400000000005,261.0671999999995,495.7173837475217,633.2000000000003,1297.1280000000015,40,24,8
"3542_24",,,-9.65,6.9,25.0,2.2062,106.19890000000001,166.42598672813702,120.52,395.41500000000013,8,4,8,,,-17.406400000000005,261.0671999999995,495.7173837475217,633.2000000000003,1297.1280000000015,40,24,8
"3542_25",,,-9.84,6.9,25.0,2.2062,106.19890000000001,166.42598672813702,120.52,395.41500000000013,8,4,8,,,-17.406400000000005,261.0671999999995,495.7173837475217,633.2000000000003,1297.1280000000015,40,24,8
"3542_26",,,-6.9,6.9,25.0,1.3224000000000005,119.2086,188.86725524058207,149.61999999999998,452.4670000000002,10,5,10,,,-17.406400000000005,261.0671999999995,495.7173837475217,633.2000000000003,1297.1280000000015,40,24,8
"3542_27",,,-10.64,6.9,25.0,2.1133999999999995,98.93720000000006,156.90010388978413,104.72999999999999,370.4050000000001,7,3,8,,,-17.406400000000005,261.0671999999995,495.7173837475217,633.2000000000003,1297.1280000000015,40,24,8
"3542_28",,,-6.2,6.9,25.0,2.1133999999999995,98.93720000000006,156.90010388978413,104.72999999999999,370.4050000000001,7,3,8,,,-17.406400000000005,261.0671999999995,495.7173837475217,633.2000000000003,1297.1280000000015,40,24,8
"3542_29",,,-12.93,6.9,25.0,1.8189999999999997,100.60200000000005,161.69433764198013,124.96000000000001,386.4040000000001,8,4,8,,,-17.406400000000005,261.0671999999995,495.7173837475217,633.2000000000003,1297.1280000000015,40,24,8
"3542_30",,,-10.18,6.9,25.0,1.8189999999999997,100.60200000000005,161.69433764198013,124.96000000000001,386.4040000000001,8,4,8,,,-17.406400000000005,261.0671999999995,495.7173837475217,633.2000000000003,1297.1280000000015,40,24,8
"3542_31",,,-10.66,6.9,25.0,2.5947000000000005,110.79390000000004,172.7909288425336,120.52000000000001,409.4420000000001,8,4,8,,,-17.406400000000005,261.0671999999995,495.7173837475217,633.2000000000003,1297.1280000000015,40,24,8
"3542_32",,,-6.0,6.9,25.0,2.5947000000000005,110.79390000000004,172.7909288425336,120.52000000000001,409.4420000000001,8,4,8,,,-17.406400000000005,261.0671999999995,495.7173837475217,633.2000000000003,1297.1280000000015,40,24,8
"3542_33",,,-9.7,6.9,25.0,2.7495000000000003,108.10120000000006,169.62998811857733,104.73000000000002,398.4590000000002,7,3,9,,,-17.406400000000005,261.0671999999995,495.7173837475217,633.2000000000003,1297.1280000000015,40,24,8
"3542_34",,,-10.1,6.9,25.0,2.7495000000000003,108.10120000000006,169.62998811857733,104.73000000000002,398.4590000000002,7,3,9,,,-17.406400000000005,261.0671999999995,495.7173837475217,633.2000000000003,1297.1280000000015,40,24,8
"3542_35",,,-8.3,6.9,25.0,2.5997000000000003,106.06750000000004,168.83412845164347,95.94000000000001,396.44300000000015,7,2,7,,,-17.406400000000005,261.0671999999995,495.7173837475217,633.2000000000003,1297.1280000000015,40,24,8
"3542_36",,,-10.8,6.9,25.0,2.5997000000000003,106.06750000000004,168.83412845164347,95.94000000000001,396.44300000000015,7,2,7,,,-17.406400000000005,261.0671999999995,495.7173837475217,633.2000000000003,1297.1280000000015,40,24,8
"3542_37",,,-12.21,6.9,25.0,2.5997000000000003,106.06750000000004,168.83412845164347,95.94000000000001,396.44300000000015,7,2,7,,,-17.406400000000005,261.0671999999995,495.7173837475217,633.2000000000003,1297.1280000000015,40,24,8
"3542_38",,,-8.09,6.9,25.0,2.5997000000000003,106.06750000000004,168.83412845164347,95.94000000000001,396.44300000000015,7,2,7,,,-17.406400000000005,261.0671999999995,495.7173837475217,633.2000000000003,1297.1280000000015,40,24,8
"3539_1",,,-10.85,6.9,25.0,0.7787999999999999,21.993799999999997,32.62831112321538,20.23,74.12299999999999,1,1,2,,,-13.054800000000023,195.80039999999966,372.1301572506171,474.9000000000001,972.8460000000011,30,18,6
"3539_2",,,-10.98,6.9,25.0,0.7787999999999999,21.993799999999997,32.62831112321538,20.23,74.12299999999999,1,1,2,,,-13.054800000000023,195.80039999999966,372.1301572506171,474.9000000000001,972.8460000000011,30,18,6
"3539_3",,,-10.64,6.9,25.0,0.7787999999999999,21.993799999999997,32.62831112321538,20.23,74.12299999999999,1,1,2,,,-13.054800000000023,195.80039999999966,372.1301572506171,474.9000000000001,972.8460000000011,30,18,6
"3539_4",,,-10.83,6.9,25.0,0.7787999999999999,21.993799999999997,32.62831112321538,20.23,74.12299999999999,1,1,2,,,-13.054800000000023,195.80039999999966,372.1301572506171,474.9000000000001,972.8460000000011,30,18,6
"3539_5",,,-14.03,6.9,25.0,1.1689,26.61079999999999,38.99325323761199,20.23,88.14999999999999,1,1,3,,,-13.054800000000023,195.80039999999966,372.1301572506171,474.9000000000001,972.8460000000011,30,18,6
"3539_6",,,-14.16,6.9,25.0,1.1689,26.61079999999999,38.99325323761199,20.23,88.14999999999999,1,1,3,,,-13.054800000000023,195.80039999999966,372.1301572506171,474.9000000000001,972.8460000000011,30,18,6
"3539_7",,,-16.69,6.9,25.0,1.559,31.22779999999998,45.35819535200859,20.23,102.17699999999999,1,1,4,,,-13.054800000000023,195.80039999999966,372.1301572506171,474.9000000000001,972.8460000000011,30,18,6
"3539_8",,,-16.85,6.9,25.0,1.559,31.22779999999998,45.35819535200859,20.23,102.17699999999999,1,1,4,,,-13.054800000000023,195.80039999999966,372.1301572506171,474.9000000000001,972.8460000000011,30,18,6
"3539_9",,,-14.14,6.9,25.0,0.3166,29.148999999999983,49.51971745205236,40.129999999999995,115.15199999999999,2,0,4,,,-13.054800000000023,195.80039999999966,372.1301572506171,474.9000000000001,972.8460000000011,30,18,6
"3539_10",,,-14.44,6.9,25.0,0.3166,29.148999999999983,49.51971745205236,40.129999999999995,115.15199999999999,2,0,4,,,-13.054800000000023,195.80039999999966,372.1301572506171,474.9000000000001,972.8460000000011,30,18,6
"3539_11",,,-14.05,6.9,25.0,0.3166,29.148999999999983,49.51971745205236,40.129999999999995,115.15199999999999,2,0,4,,,-13.054800000000023,195.80039999999966,372.1301572506171,474.9000000000001,972.8460000000011,30,18,6
"3539_12",,,-14.18,6.9,25.0,0.3166,29.148999999999983,49.51971745205236,40.129999999999995,115.15199999999999,2,0,4,,,-13.054800000000023,195.80039999999966,372.1301572506171,474.9000000000001,972.8460000000011,30,18,6
"3539_13",,,-14.78,6.9,25.0,0.8086000000000002,31.897099999999988,45.9038522968253,27.64,102.20100000000001,1,3,4,,,-13.054800000000023,195.80039999999966,372.1301572506171,474.9000000000001,972.8460000000011,30,18,6
"3539_14",,,-14.98,6.9,25.0,0.8086000000000002,31.897099999999988,45.9038522968253,27.64,102.20100000000001,1,3,4,,,-13.054800000000023,195.80039999999966,372.1301572506171,474.9000000000001,972.8460000000011,30,18,6
"3539_15",,,-19.34,6.9,25.0,1.0968,38.383,62.24960168084558,40.129999999999995,143.206,2,0,6,,,-13.054800000000023,195.80039999999966,372.1301572506171,474.9000000000001,972.8460000000011,30,18,6
"3539_16",,,-19.5,6.9,25.0,1.0968,38.383,62.24960168084558,40.129999999999995,143.206,2,0,6,,,-13.054800000000023,195.80039999999966,372.1301572506171,474.9000000000001,972.8460000000011,30,18,6
"3539_17",,,-19.01,6.9,25.0,1.0968,38.383,62.24960168084558,40.129999999999995,143.206,2,0,6,,,-13.054800000000023,195.80039999999966,372.1301572506171,474.9000000000001,972.8460000000011,30,18,6
"3539_18",,,-19.34,6.9,25.0,1.0968,38.383,62.24960168084558,40.129999999999995,143.206,2,0,6,,,-13.054800000000023,195.80039999999966,372.1301572506171,474.9000000000001,972.8460000000011,30,18,6
"3539_19",,,-12.76,6.9,25.0,0.9213,24.474799999999988,37.987422084082766,20.23,86.134,1,1,0,,,-15.23060000000003,228.4337999999996,433.92377049906946,554.0500000000002,1134.9870000000014,35,21,7
"3539_20",,,-12.95,6.9,25.0,0.9213,24.474799999999988,37.987422084082766,20.23,86.134,1,1,0,,,-15.23060000000003,228.4337999999996,433.92377049906946,554.0500000000002,1134.9870000000014,35,21,7
"3539_21",,,-16.24,6.9,25.0,1.3114,29.091799999999985,44.35236419847938,20.23,100.161,1,1,0,,,-15.23060000000003,228.4337999999996,433.92377049906946,554.0500000000002,1134.9870000000014,35,21,7
"3539_22",,,-16.4,6.9,25.0,1.3114,29.091799999999985,44.35236419847938,20.23,100.161,1,1,0,,,-15.23060000000003,228.4337999999996,433.92377049906946,554.0500000000002,1134.9870000000014,35,21,7
"3539_23",,,-15.95,6.9,25.0,1.3114,29.091799999999985,44.35236419847938,20.23,100.161,1,1,0,,,-15.23060000000003,228.4337999999996,433.92377049906946,554.0500000000002,1134.9870000000014,35,21,7
"3539_24",,,-16.2,6.9,25.0,1.3114,29.091799999999985,44.35236419847938,20.23,100.161,1,1,0,,,-15.23060000000003,228.4337999999996,433.92377049906946,554.0500000000002,1134.9870000000014,35,21,7
"3539_25",,,-19.08,6.9,25.0,1.7015,33.70879999999999,50.71730631287599,20.23,114.188,1,1,0,,,-15.23060000000003,228.4337999999996,433.92377049906946,554.0500000000002,1134.9870000000014,35,21,7
"3539_26",,,-19.2,6.9,25.0,1.7015,33.70879999999999,50.71730631287599,20.23,114.188,1,1,0,,,-15.23060000000003,228.4337999999996,433.92377049906946,554.0500000000002,1134.9870000000014,35,21,7
"3539_27",,,-12.85,6.9,25.0,-0.14180000000000015,44.95200000000003,82.242890932131,66.43,197.20999999999998,4,0,1,,,-15.23060000000003,228.4337999999996,433.92377049906946,554.0500000000002,1134.9870000000014,35,21,7
"3539_28",,,-13.18,6.9,25.0,-0.14180000000000015,44.95200000000003,82.242890932131,66.43,197.20999999999998,4,0,1,,,-15.23060000000003,228.4337999999996,433.92377049906946,554.0500000000002,1134.9870000000014,35,21,7
"3539_29",,,-15.7,6.9,25.0,0.9269999999999999,53.12620000000003,89.80222586042497,74.27,231.29299999999998,4,0,2,,,-15.23060000000003,228.4337999999996,433.92377049906946,554.0500000000002,1134.9870000000014,35,21,7
"3539_30",,,-15.99,6.9,25.0,0.9269999999999999,53.12620000000003,89.80222586042497,74.27,231.29299999999998,4,0,2,,,-15.23060000000003,228.4337999999996,433.92377049906946,554.0500000000002,1134.9870000000014,35,21,7
"3539_31",,,-14.88,6.9,25.0,1.2511999999999996,47.13510000000004,68.23106227409612,27.64,150.245,1,3,4,,,-15.23060000000003,228.4337999999996,433.92377049906946,554.0500000000002,1134.9870000000014,35,21,7
"3539_32",,,-15.27,6.9,25.0,1.2511999999999996,47.13510000000004,68.23106227409612,27.64,150.245,1,3,4,,,-15.23060000000003,228.4337999999996,433.92377049906946,554.0500000000002,1134.9870000000014,35,21,7
"3539_33",,,-12.98,6.9,25.0,1.2495999999999994,47.113100000000024,68.23106227409612,27.64,150.245,1,3,3,,,-15.23060000000003,228.4337999999996,433.92377049906946,554.0500000000002,1134.9870000000014,35,21,7
"3539_34",,,-13.31,6.9,25.0,1.2495999999999994,47.113100000000024,68.23106227409612,27.64,150.245,1,3,3,,,-15.23060000000003,228.4337999999996,433.92377049906946,554.0500000000002,1134.9870000000014,35,21,7
"3539_35",,,-11.29,6.9,25.0,0.35851999999999995,35.5095,59.11704320052995,40.129999999999995,135.142,2,0,1,,,-15.23060000000003,228.4337999999996,433.92377049906946,554.0500000000002,1134.9870000000014,35,21,7
"3539_36",,,-11.63,6.9,25.0,0.35851999999999995,35.5095,59.11704320052995,40.129999999999995,135.142,2,0,1,,,-15.23060000000003,228.4337999999996,433.92377049906946,554.0500000000002,1134.9870000000014,35,21,7
"3539_37",,,-12.6,6.9,25.0,0.36909999999999976,39.77000000000002,65.48198531492656,40.129999999999995,149.16899999999998,2,0,3,,,-15.23060000000003,228.4337999999996,433.92377049906946,554.0500000000002,1134.9870000000014,35,21,7
"3539_38",,,-12.91,6.9,25.0,0.36909999999999976,39.77000000000002,65.48198531492656,40.129999999999995,149.16899999999998,2,0,3,,,-15.23060000000003,228.4337999999996,433.92377049906946,554.0500000000002,1134.9870000000014,35,21,7
"3539_39",,,-10.89,6.9,25.0,0.07469999999999999,41.43480000000002,70.27621906712258,60.36,165.16799999999998,3,1,3,,,-15.23060000000003,228.4337999999996,433.92377049906946,554.0500000000002,1134.9870000000014,35,21,7
"3539_40",,,-11.47,6.9,25.0,0.07469999999999999,41.43480000000002,70.27621906712258,60.36,165.16799999999998,3,1,3,,,-15.23060000000003,228.4337999999996,433.92377049906946,554.0500000000002,1134.9870000000014,35,21,7
"3539_41",,,-14.11,6.9,25.0,0.07469999999999999,41.434800000000024,70.27621906712257,60.36,165.168,3,1,3,,,-15.23060000000003,228.4337999999996,433.92377049906946,554.0500000000002,1134.9870000000014,35,21,7
"3539_42",,,-14.61,6.9,25.0,0.07469999999999999,41.434800000000024,70.27621906712257,60.36,165.168,3,1,3,,,-15.23060000000003,228.4337999999996,433.92377049906946,554.0500000000002,1134.9870000000014,35,21,7
"3539_43",,,-7.9,6.9,25.0,0.47099999999999964,37.901100000000014,55.50117804530289,27.64,122.19099999999996,1,3,2,,,-15.23060000000003,228.4337999999996,433.92377049906946,554.0500000000002,1134.9870000000014,35,21,7
"3539_44",,,-8.3,6.9,25.0,0.47099999999999964,37.901100000000014,55.50117804530289,27.64,122.19099999999996,1,3,2,,,-15.23060000000003,228.4337999999996,433.92377049906946,554.0500000000002,1134.9870000000014,35,21,7
"3539_45",,,-10.53,6.9,25.0,0.1765999999999997,39.56590000000002,60.2954117974989,47.870000000000005,138.18999999999997,2,4,2,,,-15.23060000000003,228.4337999999996,433.92377049906946,554.0500000000002,1134.9870000000014,35,21,7
"3539_46",,,-10.93,6.9,25.0,0.1765999999999997,39.56590000000002,60.2954117974989,47.870000000000005,138.18999999999997,2,4,2,,,-15.23060000000003,228.4337999999996,433.92377049906946,554.0500000000002,1134.9870000000014,35,21,7
"3539_47",,,-10.44,6.9,25.0,-0.5163000000000004,52.75770000000002,87.92325382737161,69.22999999999999,206.22099999999998,4,1,4,,,-15.23060000000003,228.4337999999996,433.92377049906946,554.0500000000002,1134.9870000000014,35,21,7
"3539_48",,,-10.86,6.9,25.0,-0.5163000000000004,52.75770000000002,87.92325382737161,69.22999999999999,206.22099999999998,4,1,4,,,-15.23060000000003,228.4337999999996,433.92377049906946,554.0500000000002,1134.9870000000014,35,21,7
"3539_49",,,-10.28,6.9,25.0,-0.5163000000000004,52.75770000000002,87.92325382737161,69.22999999999999,206.22099999999998,4,1,4,,,-15.23060000000003,228.4337999999996,433.92377049906946,554.0500000000002,1134.9870000000014,35,21,7
"3539_50",,,-10.7,6.9,25.0,-0.5163000000000004,52.75770000000002,87.92325382737161,69.22999999999999,206.22099999999998,4,1,4,,,-15.23060000000003,228.4337999999996,433.92377049906946,554.0500000000002,1134.9870000000014,35,21,7
"3539_51",,,-10.26,6.9,25.0,-0.5163000000000004,52.75770000000002,87.92325382737161,69.22999999999999,206.22099999999998,4,1,4,,,-15.23060000000003,228.4337999999996,433.92377049906946,554.0500000000002,1134.9870000000014,35,21,7
"3539_52",,,-10.66,6.9,25.0,-0.5163000000000004,52.75770000000002,87.92325382737161,69.22999999999999,206.22099999999998,4,1,4,,,-15.23060000000003,228.4337999999996,433.92377049906946,554.0500000000002,1134.9870000000014,35,21,7
"3539_53",,,-12.07,6.9,25.0,-0.8107000000000004,54.42250000000002,92.71748757956762,89.46000000000001,222.21999999999997,5,2,4,,,-15.23060000000003,228.4337999999996,433.92377049906946,554.0500000000002,1134.9870000000014,35,21,7
"3539_54",,,-12.52,6.9,25.0,-0.8107000000000004,54.42250000000002,92.71748757956762,89.46000000000001,222.21999999999997,5,2,4,,,-15.23060000000003,228.4337999999996,433.92377049906946,554.0500000000002,1134.9870000000014,35,21,7
"3539_55",,,-16.05,6.9,25.0,-0.32250000000000023,37.5888,66.03800427951236,60.36,157.189,3,1,2,,,-15.23060000000003,228.4337999999996,433.92377049906946,554.0500000000002,1134.9870000000014,35,21,7
"3539_56",,,-16.31,6.9,25.0,-0.32250000000000023,37.5888,66.03800427951236,60.36,157.189,3,1,2,,,-15.23060000000003,228.4337999999996,433.92377049906946,554.0500000000002,1134.9870000000014,35,21,7
"3539_57",,,-14.37,6.9,25.0,1.1970999999999992,38.92510000000001,57.6279053720893,27.64,128.239,1,3,1,,,-15.23060000000003,228.4337999999996,433.92377049906946,554.0500000000002,1134.9870000000014,35,21,7
"3539_58",,,-14.46,6.9,25.0,1.1970999999999992,38.92510000000001,57.6279053720893,27.64,128.239,1,3,1,,,-15.23060000000003,228.4337999999996,433.92377049906946,554.0500000000002,1134.9870000000014,35,21,7
"3539_59",,,-9.93,6.9,25.0,-0.5301000000000007,36.408800000000014,63.91127695272596,60.36,151.141,3,1,2,,,-15.981000000000023,229.1030999999996,434.4694274438861,561.4600000000003,1135.0110000000013,35,23,7
"3539_60",,,-10.2,6.9,25.0,-0.5301000000000007,36.408800000000014,63.91127695272596,60.36,151.141,3,1,2,,,-15.981000000000023,229.1030999999996,434.4694274438861,561.4600000000003,1135.0110000000013,35,23,7
"3539_61",,,-14.01,6.9,25.0,0.35851999999999995,35.5095,59.11704320052995,40.129999999999995,135.142,2,0,1,,,-15.981000000000023,229.1030999999996,434.4694274438861,561.4600000000003,1135.0110000000013,35,23,7
"3539_62",,,-14.43,6.9,25.0,0.35851999999999995,35.5095,59.11704320052995,40.129999999999995,135.142,2,0,1,,,-15.981000000000023,229.1030999999996,434.4694274438861,561.4600000000003,1135.0110000000013,35,23,7
"3539_63",,,-10.5,6.9,25.0,0.05009999999999992,30.772499999999994,52.75210108613335,40.129999999999995,121.11499999999995,2,0,1,,,-15.981000000000023,229.1030999999996,434.4694274438861,561.4600000000003,1135.0110000000013,35,23,7
"3539_64",,,-10.8,6.9,25.0,0.05009999999999992,30.772499999999994,52.75210108613335,40.129999999999995,121.11499999999995,2,0,1,,,-15.981000000000023,229.1030999999996,434.4694274438861,561.4600000000003,1135.0110000000013,35,23,7
"3539_65",,,-10.31,6.9,25.0,0.05009999999999992,30.772499999999994,52.75210108613335,40.129999999999995,121.11499999999995,2,0,1,,,-15.981000000000023,229.1030999999996,434.4694274438861,561.4600000000003,1135.0110000000013,35,23,7
"3539_66",,,-10.67,6.9,25.0,0.05009999999999992,30.772499999999994,52.75210108613335,40.129999999999995,121.11499999999995,2,0,1,,,-15.981000000000023,229.1030999999996,434.4694274438861,561.4600000000003,1135.0110000000013,35,23,7
"3534_1",,,-11.262,6.9,14.5,0.41850000000000004,27.280099999999997,39.538910182428694,27.64,88.174,1,3,3,,,-13.054800000000023,195.80039999999966,372.1301572506171,474.9000000000001,972.8460000000011,30,18,6
"3534_2",,,-11.262,6.9,25.0,0.41850000000000004,27.280099999999997,39.538910182428694,27.64,88.174,1,3,3,,,-13.054800000000023,195.80039999999966,372.1301572506171,474.9000000000001,972.8460000000011,30,18,6
"3534_3",,,-11.304,6.9,35.0,0.41850000000000004,27.280099999999997,39.538910182428694,27.64,88.174,1,3,3,,,-13.054800000000023,195.80039999999966,372.1301572506171,474.9000000000001,972.8460000000011,30,18,6
"3534_4",,,-10.886,6.9,45.0,0.41850000000000004,27.280099999999997,39.538910182428694,27.64,88.174,1,3,3,,,-13.054800000000023,195.80039999999966,372.1301572506171,474.9000000000001,972.8460000000011,30,18,6
"3534_5",,,-14.779,6.9,14.5,0.8086000000000002,31.897099999999988,45.9038522968253,27.64,102.20100000000001,1,3,4,,,-13.054800000000023,195.80039999999966,372.1301572506171,474.9000000000001,972.8460000000011,30,18,6
"3534_6",,,-14.738,6.9,25.0,0.8086000000000002,31.897099999999988,45.9038522968253,27.64,102.20100000000001,1,3,4,,,-13.054800000000023,195.80039999999966,372.1301572506171,474.9000000000001,972.8460000000011,30,18,6
"3534_7",,,-14.654,6.9,35.0,0.8086000000000002,31.897099999999988,45.9038522968253,27.64,102.20100000000001,1,3,4,,,-13.054800000000023,195.80039999999966,372.1301572506171,474.9000000000001,972.8460000000011,30,18,6
"3534_8",,,-14.361,6.9,45.0,0.8086000000000002,31.897099999999988,45.9038522968253,27.64,102.20100000000001,1,3,4,,,-13.054800000000023,195.80039999999966,372.1301572506171,474.9000000000001,972.8460000000011,30,18,6
"3534_9",,,-17.291,6.9,14.5,1.1986999999999999,36.51409999999998,52.26879441122191,27.64,116.22800000000001,1,3,5,,,-13.054800000000023,195.80039999999966,372.1301572506171,474.9000000000001,972.8460000000011,30,18,6
"3534_10",,,-17.291,6.9,25.0,1.1986999999999999,36.51409999999998,52.26879441122191,27.64,116.22800000000001,1,3,5,,,-13.054800000000023,195.80039999999966,372.1301572506171,474.9000000000001,972.8460000000011,30,18,6
"3534_11",,,-17.124,6.9,35.0,1.1986999999999999,36.51409999999998,52.26879441122191,27.64,116.22800000000001,1,3,5,,,-13.054800000000023,195.80039999999966,372.1301572506171,474.9000000000001,972.8460000000011,30,18,6
"3534_12",,,-16.915,6.9,45.0,1.1986999999999999,36.51409999999998,52.26879441122191,27.64,116.22800000000001,1,3,5,,,-13.054800000000023,195.80039999999966,372.1301572506171,474.9000000000001,972.8460000000011,30,18,6
"3534_13",,,-19.217,6.9,14.5,1.5888,41.13109999999999,58.633736525618524,27.64,130.255,1,3,6,,,-13.054800000000023,195.80039999999966,372.1301572506171,474.9000000000001,972.8460000000011,30,18,6
"3534_14",,,-19.217,6.9,25.0,1.5888,41.13109999999999,58.633736525618524,27.64,130.255,1,3,6,,,-13.054800000000023,195.80039999999966,372.1301572506171,474.9000000000001,972.8460000000011,30,18,6
"3534_15",,,-18.882,6.9,35.0,1.5888,41.13109999999999,58.633736525618524,27.64,130.255,1,3,6,,,-13.054800000000023,195.80039999999966,372.1301572506171,474.9000000000001,972.8460000000011,30,18,6
"3534_16",,,-18.673,6.9,45.0,1.5888,41.13109999999999,58.633736525618524,27.64,130.255,1,3,6,,,-13.054800000000023,195.80039999999966,372.1301572506171,474.9000000000001,972.8460000000011,30,18,6
"3534_17",,,-14.068,6.9,14.5,0.3166,29.148999999999983,49.51971745205236,40.129999999999995,115.15199999999999,2,0,4,,,-13.054800000000023,195.80039999999966,372.1301572506171,474.9000000000001,972.8460000000011,30,18,6
"3534_18",,,-14.068,6.9,25.0,0.3166,29.148999999999983,49.51971745205236,40.129999999999995,115.15199999999999,2,0,4,,,-13.054800000000023,195.80039999999966,372.1301572506171,474.9000000000001,972.8460000000011,30,18,6
"3534_19",,,-14.151,6.9,35.0,0.3166,29.148999999999983,49.51971745205236,40.129999999999995,115.15199999999999,2,0,4,,,-13.054800000000023,195.80039999999966,372.1301572506171,474.9000000000001,972.8460000000011,30,18,6
"3534_20",,,-14.068,6.9,45.0,0.3166,29.148999999999983,49.51971745205236,40.129999999999995,115.15199999999999,2,0,4,,,-13.054800000000023,195.80039999999966,372.1301572506171,474.9000000000001,972.8460000000011,30,18,6
"3534_21",,,-16.622,6.9,14.5,0.7066999999999999,33.765999999999984,55.884659566448974,40.129999999999995,129.179,2,0,5,,,-13.054800000000023,195.80039999999966,372.1301572506171,474.9000000000001,972.8460000000011,30,18,6
"3534_22",,,-16.622,6.9,25.0,0.7066999999999999,33.765999999999984,55.884659566448974,40.129999999999995,129.179,2,0,5,,,-13.054800000000023,195.80039999999966,372.1301572506171,474.9000000000001,972.8460000000011,30,18,6
"3534_23",,,-16.622,6.9,35.0,0.7066999999999999,33.765999999999984,55.884659566448974,40.129999999999995,129.179,2,0,5,,,-13.054800000000023,195.80039999999966,372.1301572506171,474.9000000000001,972.8460000000011,30,18,6
"3534_24",,,-16.454,6.9,45.0,0.7066999999999999,33.765999999999984,55.884659566448974,40.129999999999995,129.179,2,0,5,,,-13.054800000000023,195.80039999999966,372.1301572506171,474.9000000000001,972.8460000000011,30,18,6
"3534_25",,,-7.9131,6.9,25.0,0.47099999999999964,37.901100000000014,55.50117804530289,27.64,122.19099999999996,1,3,2,,,-15.23060000000003,228.4337999999996,433.92377049906946,554.0500000000002,1134.9870000000014,35,21,7
"3534_26",,,-8.3317,6.9,35.0,0.47099999999999964,37.901100000000014,55.50117804530289,27.64,122.19099999999996,1,3,2,,,-15.23060000000003,228.4337999999996,433.92377049906946,554.0500000000002,1134.9870000000014,35,21,7
"3534_27",,,-8.6248,6.9,45.0,0.47099999999999964,37.901100000000014,55.50117804530289,27.64,122.19099999999996,1,3,2,,,-15.23060000000003,228.4337999999996,433.92377049906946,554.0500000000002,1134.9870000000014,35,21,7
"3534_28",,,-10.551,6.9,14.5,0.1765999999999997,39.56590000000002,60.2954117974989,47.870000000000005,138.18999999999997,2,4,2,,,-15.23060000000003,228.4337999999996,433.92377049906946,554.0500000000002,1134.9870000000014,35,21,7
"3534_29",,,-10.551,6.9,25.0,0.1765999999999997,39.56590000000002,60.2954117974989,47.870000000000005,138.18999999999997,2,4,2,,,-15.23060000000003,228.4337999999996,433.92377049906946,554.0500000000002,1134.9870000000014,35,21,7
"3534_30",,,-10.509,6.9,35.0,0.1765999999999997,39.56590000000002,60.2954117974989,47.870000000000005,138.18999999999997,2,4,2,,,-15.23060000000003,228.4337999999996,433.92377049906946,554.0500000000002,1134.9870000000014,35,21,7
"3534_31",,,-10.3,6.9,45.0,0.1765999999999997,39.56590000000002,60.2954117974989,47.870000000000005,138.18999999999997,2,4,2,,,-15.23060000000003,228.4337999999996,433.92377049906946,554.0500000000002,1134.9870000000014,35,21,7
"3534_32",,,-11.681,6.9,14.5,0.36909999999999976,39.77000000000002,65.48198531492656,40.129999999999995,149.16899999999998,2,0,3,,,-15.23060000000003,228.4337999999996,433.92377049906946,554.0500000000002,1134.9870000000014,35,21,7
"3534_33",,,-12.435,6.9,25.0,0.36909999999999976,39.77000000000002,65.48198531492656,40.129999999999995,149.16899999999998,2,0,3,,,-15.23060000000003,228.4337999999996,433.92377049906946,554.0500000000002,1134.9870000000014,35,21,7
"3534_34",,,-12.728,6.9,35.0,0.36909999999999976,39.77000000000002,65.48198531492656,40.129999999999995,149.16899999999998,2,0,3,,,-15.23060000000003,228.4337999999996,433.92377049906946,554.0500000000002,1134.9870000000014,35,21,7
"3534_35",,,-13.021,6.9,45.0,0.36909999999999976,39.77000000000002,65.48198531492656,40.129999999999995,149.16899999999998,2,0,3,,,-15.23060000000003,228.4337999999996,433.92377049906946,554.0500000000002,1134.9870000000014,35,21,7
"3534_36",,,-14.068,6.9,14.5,0.07469999999999999,41.434800000000024,70.27621906712257,60.36,165.168,3,1,3,,,-15.23060000000003,228.4337999999996,433.92377049906946,554.0500000000002,1134.9870000000014,35,21,7
"3534_37",,,-14.11,6.9,25.0,0.07469999999999999,41.434800000000024,70.27621906712257,60.36,165.168,3,1,3,,,-15.23060000000003,228.4337999999996,433.92377049906946,554.0500000000002,1134.9870000000014,35,21,7
"3534_38",,,-14.068,6.9,35.0,0.07469999999999999,41.434800000000024,70.27621906712257,60.36,165.168,3,1,3,,,-15.23060000000003,228.4337999999996,433.92377049906946,554.0500000000002,1134.9870000000014,35,21,7
"3534_39",,,-14.068,6.9,45.0,0.07469999999999999,41.434800000000024,70.27621906712257,60.36,165.168,3,1,3,,,-15.23060000000003,228.4337999999996,433.92377049906946,554.0500000000002,1134.9870000000014,35,21,7
"3534_40",,,-10.844,6.9,14.5,0.07469999999999999,41.43480000000002,70.27621906712258,60.36,165.16799999999998,3,1,3,,,-15.23060000000003,228.4337999999996,433.92377049906946,554.0500000000002,1134.9870000000014,35,21,7
"3534_41",,,-10.886,6.9,25.0,0.07469999999999999,41.43480000000002,70.27621906712258,60.36,165.16799999999998,3,1,3,,,-15.23060000000003,228.4337999999996,433.92377049906946,554.0500000000002,1134.9870000000014,35,21,7
"3534_42",,,-10.802,6.9,35.0,0.07469999999999999,41.43480000000002,70.27621906712258,60.36,165.16799999999998,3,1,3,,,-15.23060000000003,228.4337999999996,433.92377049906946,554.0500000000002,1134.9870000000014,35,21,7
"3534_43",,,-10.76,6.9,45.0,0.07469999999999999,41.43480000000002,70.27621906712258,60.36,165.16799999999998,3,1,3,,,-15.23060000000003,228.4337999999996,433.92377049906946,554.0500000000002,1134.9870000000014,35,21,7
"3534_44",,,-14.319,6.9,14.5,0.9300999999999999,44.48100000000003,71.84692742932317,40.129999999999995,163.196,2,0,3,,,-15.23060000000003,228.4337999999996,433.92377049906946,554.0500000000002,1134.9870000000014,35,21,7
"3534_45",,,-14.779,6.9,25.0,0.9300999999999999,44.48100000000003,71.84692742932317,40.129999999999995,163.196,2,0,3,,,-15.23060000000003,228.4337999999996,433.92377049906946,554.0500000000002,1134.9870000000014,35,21,7
"3534_46",,,-15.114,6.9,35.0,0.9300999999999999,44.48100000000003,71.84692742932317,40.129999999999995,163.196,2,0,3,,,-15.23060000000003,228.4337999999996,433.92377049906946,554.0500000000002,1134.9870000000014,35,21,7
"3534_47",,,-15.282,6.9,45.0,0.9300999999999999,44.48100000000003,71.84692742932317,40.129999999999995,163.196,2,0,3,,,-15.23060000000003,228.4337999999996,433.92377049906946,554.0500000000002,1134.9870000000014,35,21,7
"3534_48",,,-16.119,6.9,14.5,1.3114,29.091799999999985,44.35236419847938,20.23,100.161,1,1,0,,,-15.23060000000003,228.4337999999996,433.92377049906946,554.0500000000002,1134.9870000000014,35,21,7
"3534_49",,,-16.203,6.9,25.0,1.3114,29.091799999999985,44.35236419847938,20.23,100.161,1,1,0,,,-15.23060000000003,228.4337999999996,433.92377049906946,554.0500000000002,1134.9870000000014,35,21,7
"3534_50",,,-16.37,6.9,35.0,1.3114,29.091799999999985,44.35236419847938,20.23,100.161,1,1,0,,,-15.23060000000003,228.4337999999996,433.92377049906946,554.0500000000002,1134.9870000000014,35,21,7
"3534_51",,,-16.538,6.9,45.0,1.3114,29.091799999999985,44.35236419847938,20.23,100.161,1,1,0,,,-15.23060000000003,228.4337999999996,433.92377049906946,554.0500000000002,1134.9870000000014,35,21,7
"3534_52",,,-17.836,6.9,14.5,1.5574,33.63879999999999,50.71730631287598,20.23,114.18799999999999,1,1,0,,,-15.23060000000003,228.4337999999996,433.92377049906946,554.0500000000002,1134.9870000000014,35,21,7
"3534_53",,,-18.087,6.9,25.0,1.5574,33.63879999999999,50.71730631287598,20.23,114.18799999999999,1,1,0,,,-15.23060000000003,228.4337999999996,433.92377049906946,554.0500000000002,1134.9870000000014,35,21,7
"3534_54",,,-18.464,6.9,35.0,1.5574,33.63879999999999,50.71730631287598,20.23,114.18799999999999,1,1,0,,,-15.23060000000003,228.4337999999996,433.92377049906946,554.0500000000002,1134.9870000000014,35,21,7
"3534_55",,,-18.506,6.9,45.0,1.5574,33.63879999999999,50.71730631287598,20.23,114.18799999999999,1,1,0,,,-15.23060000000003,228.4337999999996,433.92377049906946,554.0500000000002,1134.9870000000014,35,21,7
"3532_1",,,-6.8,6.9,25.0,-0.035000000000000364,64.61440000000002,103.81407878012112,85.02000000000001,245.25799999999998,5,2,4,,,-15.981000000000023,229.1030999999996,434.4694274438861,561.4600000000003,1135.0110000000013,35,23,7
"3532_2",,,-8.1,6.9,25.0,-0.035000000000000364,64.61440000000002,103.81407878012112,85.02000000000001,245.25799999999998,5,2,4,,,-15.981000000000023,229.1030999999996,434.4694274438861,561.4600000000003,1135.0110000000013,35,23,7
"3532_3",,,-11.74,6.9,25.0,-0.8107000000000004,54.42250000000002,92.71748757956762,89.46000000000001,222.21999999999997,5,2,4,,,-15.981000000000023,229.1030999999996,434.4694274438861,561.4600000000003,1135.0110000000013,35,23,7
"3532_4",,,-12.14,6.9,25.0,-0.8107000000000004,54.42250000000002,92.71748757956762,89.46000000000001,222.21999999999997,5,2,4,,,-15.981000000000023,229.1030999999996,434.4694274438861,561.4600000000003,1135.0110000000013,35,23,7
"3532_5",,,-12.77,6.9,25.0,-0.14180000000000015,44.95200000000003,82.242890932131,66.43,197.20999999999998,4,0,1,,,-15.981000000000023,229.1030999999996,434.4694274438861,561.4600000000003,1135.0110000000013,35,23,7
"3532_6",,,-13.2,6.9,25.0,-0.14180000000000015,44.95200000000003,82.242890932131,66.43,197.20999999999998,4,0,1,,,-15.981000000000023,229.1030999999996,434.4694274438861,561.4600000000003,1135.0110000000013,35,23,7
"3532_7",,,-16.51,6.9,25.0,0.9269999999999999,53.12620000000003,89.80222586042497,74.27,231.29299999999998,4,0,2,,,-15.981000000000023,229.1030999999996,434.4694274438861,561.4600000000003,1135.0110000000013,35,23,7
"3532_8",,,-16.69,6.9,25.0,0.9269999999999999,53.12620000000003,89.80222586042497,74.27,231.29299999999998,4,0,2,,,-15.981000000000023,229.1030999999996,434.4694274438861,561.4600000000003,1135.0110000000013,35,23,7
"3532_9",,,-12.21,6.9,25.0,0.07469999999999999,41.43480000000002,70.27621906712258,60.36,165.16799999999998,3,1,3,,,-15.981000000000023,229.1030999999996,434.4694274438861,561.4600000000003,1135.0110000000013,35,23,7
"3532_10",,,-15.07,6.9,25.0,0.07469999999999999,41.434800000000024,70.27621906712257,60.36,165.168,3,1,3,,,-15.981000000000023,229.1030999999996,434.4694274438861,561.4600000000003,1135.0110000000013,35,23,7
"3532_11",,,-15.69,6.9,25.0,0.8404999999999995,46.19100000000002,89.45707886760876,49.36,233.16499999999996,3,0,3,,,-15.981000000000023,229.1030999999996,434.4694274438861,561.4600000000003,1135.0110000000013,35,23,7
"3532_12",,,-14.69,6.9,25.0,0.8404999999999995,46.19100000000002,89.45707886760876,49.36,233.16499999999996,3,0,3,,,-15.981000000000023,229.1030999999996,434.4694274438861,561.4600000000003,1135.0110000000013,35,23,7
"3532_13",,,-12.34,6.9,25.0,3.3823999999999996,13.568000000000003,34.355936634923424,0.0,144.96200000000002,0,0,0,,,-15.981000000000023,229.1030999999996,434.4694274438861,561.4600000000003,1135.0110000000013,35,23,7
"3532_14",,,-8.2,6.9,25.0,-4.756,0.0,30.011902189189602,92.24,99.449,4,0,0,,,-15.981000000000023,229.1030999999996,434.4694274438861,561.4600000000003,1135.0110000000013,35,23,7
"3532_15",,,-5.7,6.9,25.0,0.6586000000000001,15.957,23.78338227429922,22.3,58.085,1,0,0,,,-15.981000000000023,229.1030999999996,434.4694274438861,561.4600000000003,1135.0110000000013,35,23,7
"3532_16",,,-9.89,6.9,25.0,0.2874199999999999,39.890000000000015,65.48198531492656,40.129999999999995,149.169,2,0,2,,,-15.981000000000023,229.1030999999996,434.4694274438861,561.4600000000003,1135.0110000000013,35,23,7
"3532_17",,,-12.89,6.9,25.0,0.28742,39.890000000000015,65.48198531492656,40.129999999999995,149.169,2,0,2,,,-15.981000000000023,229.1030999999996,434.4694274438861,561.4600000000003,1135.0110000000013,35,23,7
"3532_18",,,-10.07,6.9,25.0,-0.5163000000000004,52.75770000000002,87.92325382737161,69.22999999999999,206.22099999999998,4,1,4,,,-15.981000000000023,229.1030999999996,434.4694274438861,561.4600000000003,1135.0110000000013,35,23,7
"3532_19",,,-10.8,6.9,25.0,-0.5163000000000004,52.75770000000002,87.92325382737161,69.22999999999999,206.22099999999998,4,1,4,,,-15.981000000000023,229.1030999999996,434.4694274438861,561.4600000000003,1135.0110000000013,35,23,7
"3532_20",,,-16.22,6.9,25.0,-0.35050000000000026,43.83870000000002,77.07453119400428,78.46000000000001,188.20299999999995,5,1,2,,,-15.981000000000023,229.1030999999996,434.4694274438861,561.4600000000003,1135.0110000000013,35,23,7
"3532_21",,,-15.83,6.9,25.0,-0.35050000000000026,43.83870000000002,77.07453119400428,78.46000000000001,188.20299999999995,5,1,2,,,-15.981000000000023,229.1030999999996,434.4694274438861,561.4600000000003,1135.0110000000013,35,23,7
"3532_22",,,-12.91,6.9,25.0,0.05119999999999991,54.231700000000025,93.0367990568785,78.46000000000001,222.22,5,1,4,,,-15.981000000000023,229.1030999999996,434.4694274438861,561.4600000000003,1135.0110000000013,35,23,7
"3532_23",,,-12.76,6.9,25.0,0.05119999999999991,54.231700000000025,93.0367990568785,78.46000000000001,222.22,5,1,4,,,-15.981000000000023,229.1030999999996,434.4694274438861,561.4600000000003,1135.0110000000013,35,23,7
"3532_24",,,-13.44,6.9,25.0,0.9300999999999999,44.48100000000003,71.84692742932317,40.129999999999995,163.196,2,0,3,,,-15.981000000000023,229.1030999999996,434.4694274438861,561.4600000000003,1135.0110000000013,35,23,7
"3532_25",,,-13.13,6.9,25.0,0.9300999999999999,44.48100000000003,71.84692742932317,40.129999999999995,163.196,2,0,3,,,-15.981000000000023,229.1030999999996,434.4694274438861,561.4600000000003,1135.0110000000013,35,23,7
"3532_26",,,-15.02,6.9,25.0,0.9300999999999999,44.48100000000003,71.84692742932317,40.129999999999995,163.196,2,0,3,,,-15.981000000000023,229.1030999999996,434.4694274438861,561.4600000000003,1135.0110000000013,35,23,7
"3532_27",,,-15.08,6.9,25.0,0.9300999999999999,44.48100000000003,71.84692742932317,40.129999999999995,163.196,2,0,3,,,-15.981000000000023,229.1030999999996,434.4694274438861,561.4600000000003,1135.0110000000013,35,23,7
"3532_28",,,-13.73,6.9,25.0,-0.6601000000000004,41.159800000000025,70.27621906712257,60.36,165.16799999999995,3,1,3,,,-15.981000000000023,229.1030999999996,434.4694274438861,561.4600000000003,1135.0110000000013,35,23,7
"3532_29",,,-12.99,6.9,25.0,-0.6601000000000004,41.159800000000025,70.27621906712257,60.36,165.16799999999995,3,1,3,,,-15.981000000000023,229.1030999999996,434.4694274438861,561.4600000000003,1135.0110000000013,35,23,7
"3532_30",,,-13.95,6.9,25.0,0.36909999999999976,39.77000000000002,65.48198531492656,40.129999999999995,149.16899999999998,2,0,3,,,-15.981000000000023,229.1030999999996,434.4694274438861,561.4600000000003,1135.0110000000013,35,23,7
"3532_31",,,-14.06,6.9,25.0,0.35851999999999995,35.5095,59.11704320052995,40.129999999999995,135.142,2,0,1,,,-15.981000000000023,229.1030999999996,434.4694274438861,561.4600000000003,1135.0110000000013,35,23,7
"3532_32",,,-10.27,6.9,25.0,-1.0626000000000007,81.30500000000004,147.13979637552148,132.86,356.28600000000006,8,0,7,,,-15.981000000000023,229.1030999999996,434.4694274438861,561.4600000000003,1135.0110000000013,35,23,7
"3532_33",,,-9.38,6.9,25.0,-1.0626000000000007,81.30500000000004,147.13979637552148,132.86,356.28600000000006,8,0,7,,,-15.981000000000023,229.1030999999996,434.4694274438861,561.4600000000003,1135.0110000000013,35,23,7
"3532_34",,,-13.56,6.9,25.0,-0.44576000000000016,90.77900000000005,159.86968060431468,132.85999999999999,384.34000000000015,8,0,7,,,-15.981000000000023,229.1030999999996,434.4694274438861,561.4600000000003,1135.0110000000013,35,23,7
"3532_35",,,-13.57,6.9,25.0,-0.44576000000000016,90.77900000000005,159.86968060431468,132.85999999999999,384.34000000000015,8,0,7,,,-15.981000000000023,229.1030999999996,434.4694274438861,561.4600000000003,1135.0110000000013,35,23,7
"3532_36",,,-9.08,6.1,25.0,-2.2942999999999962,54.83880000000001,93.26314452438433,96.87,222.244,5,4,5,,,-15.981000000000023,229.1030999999996,434.4694274438861,561.4600000000003,1135.0110000000013,35,23,7
"3532_37",,,-9.26,6.1,25.0,-2.2942999999999962,54.83880000000001,93.26314452438433,96.87,222.244,5,4,5,,,-15.981000000000023,229.1030999999996,434.4694274438861,561.4600000000003,1135.0110000000013,35,23,7
"3532_38",,,-19.18,6.9,25.0,-0.32250000000000023,37.5888,66.03800427951236,60.36,157.189,3,1,2,,,-15.981000000000023,229.1030999999996,434.4694274438861,561.4600000000003,1135.0110000000013,35,23,7
"3532_39",,,-18.11,6.9,25.0,-0.32250000000000023,37.5888,66.03800427951236,60.36,157.189,3,1,2,,,-15.981000000000023,229.1030999999996,434.4694274438861,561.4600000000003,1135.0110000000013,35,23,7
"3532_40",,,-9.93,6.9,25.0,-0.5301000000000007,36.408800000000014,63.91127695272596,60.36,151.141,3,1,2,,,-15.981000000000023,229.1030999999996,434.4694274438861,561.4600000000003,1135.0110000000013,35,23,7
"3532_41",,,-9.4,6.9,25.0,-0.5301000000000007,36.408800000000014,63.91127695272596,60.36,151.141,3,1,2,,,-15.981000000000023,229.1030999999996,434.4694274438861,561.4600000000003,1135.0110000000013,35,23,7
"3532_42",,,-8.7,6.9,25.0,0.12399999999999978,41.19900000000003,70.59553054443343,49.36,165.168,3,0,3,,,-15.981000000000023,229.1030999999996,434.4694274438861,561.4600000000003,1135.0110000000013,35,23,7
"3532_43",,,-6.2,6.9,25.0,0.12399999999999978,41.19900000000003,70.59553054443343,49.36,165.168,3,0,3,,,-15.981000000000023,229.1030999999996,434.4694274438861,561.4600000000003,1135.0110000000013,35,23,7
"3532_44",,,-14.82,6.9,25.0,1.0725999999999996,50.84770000000003,83.75878478571174,64.63,203.23799999999997,5,1,2,,,-15.981000000000023,229.1030999999996,434.4694274438861,561.4600000000003,1135.0110000000013,35,23,7
"3532_45",,,-14.53,6.9,25.0,1.0725999999999996,50.84770000000003,83.75878478571174,64.63,203.23799999999997,5,1,2,,,-15.981000000000023,229.1030999999996,434.4694274438861,561.4600000000003,1135.0110000000013,35,23,7
"3532_46",,,-11.78,6.9,25.0,1.0097,30.043799999999987,46.495858728856746,20.23,153.019,1,1,2,,,-15.981000000000023,229.1030999999996,434.4694274438861,561.4600000000003,1135.0110000000013,35,23,7
"3532_47",,,-11.72,6.9,25.0,1.0097,30.043799999999987,46.495858728856746,20.23,153.019,1,1,2,,,-15.981000000000023,229.1030999999996,434.4694274438861,561.4600000000003,1135.0110000000013,35,23,7
"3532_48",,,-15.39,6.9,25.0,1.3114,29.091799999999985,44.35236419847938,20.23,100.161,1,1,0,,,-15.981000000000023,229.1030999999996,434.4694274438861,561.4600000000003,1135.0110000000013,35,23,7
"3532_49",,,-12.98,6.9,25.0,1.1970999999999992,38.92510000000001,57.6279053720893,27.64,128.239,1,3,1,,,-15.981000000000023,229.1030999999996,434.4694274438861,561.4600000000003,1135.0110000000013,35,23,7
"3532_50",,,-13.06,6.9,25.0,1.1970999999999992,38.92510000000001,57.6279053720893,27.64,128.239,1,3,1,,,-15.981000000000023,229.1030999999996,434.4694274438861,561.4600000000003,1135.0110000000013,35,23,7
"3532_51",,,-9.3,6.9,25.0,0.8929999999999998,43.41780000000003,70.59553054443343,46.53,166.176,3,1,2,,,-15.981000000000023,229.1030999999996,434.4694274438861,561.4600000000003,1135.0110000000013,35,23,7
"3532_52",,,-9.3,6.9,25.0,0.8929999999999998,43.41780000000003,70.59553054443343,46.53,166.176,3,1,2,,,-15.981000000000023,229.1030999999996,434.4694274438861,561.4600000000003,1135.0110000000013,35,23,7
"3532_53",,,-11.2,6.9,25.0,1.2495999999999994,47.113100000000024,68.23106227409612,27.64,150.245,1,3,3,,,-15.981000000000023,229.1030999999996,434.4694274438861,561.4600000000003,1135.0110000000013,35,23,7
"3532_54",,,-13.15,6.9,25.0,1.2511999999999996,47.13510000000004,68.23106227409612,27.64,150.245,1,3,4,,,-15.981000000000023,229.1030999999996,434.4694274438861,561.4600000000003,1135.0110000000013,35,23,7
"3532_55",,,-11.47,6.9,25.0,3.3823999999999996,13.568000000000003,34.355936634923424,0.0,144.96200000000002,0,0,0,,,-15.23060000000003,228.4337999999996,433.92377049906946,554.0500000000002,1134.9870000000014,35,21,7
"3532_56",,,-6.75,6.9,25.0,-4.756,0.0,30.011902189189602,92.24,99.449,4,0,0,,,-15.23060000000003,228.4337999999996,433.92377049906946,554.0500000000002,1134.9870000000014,35,21,7
"3532_57",,,-4.0,6.9,25.0,0.6586000000000001,15.957,23.78338227429922,22.3,58.085,1,0,0,,,-15.23060000000003,228.4337999999996,433.92377049906946,554.0500000000002,1134.9870000000014,35,21,7
"3532_58",,,-11.29,6.9,25.0,0.35851999999999995,35.5095,59.11704320052995,40.129999999999995,135.142,2,0,1,,,-15.23060000000003,228.4337999999996,433.92377049906946,554.0500000000002,1134.9870000000014,35,21,7
"3531_1",,,-6.7,6.9,25.0,1.2308,68.05630000000002,114.72243913791151,112.93,281.264,7,3,7,,,-13.054800000000023,195.80039999999966,372.1301572506171,474.9000000000001,972.8460000000011,30,18,6
"3531_2",,,-6.4,6.9,25.0,1.2308,68.05630000000002,114.72243913791151,112.93,281.264,7,3,7,,,-13.054800000000023,195.80039999999966,372.1301572506171,474.9000000000001,972.8460000000011,30,18,6
"3531_3",,,-5.4,6.9,25.0,0.5239999999999998,57.05130000000002,92.71748757956762,86.63,223.22799999999998,5,3,4,,,-13.054800000000023,195.80039999999966,372.1301572506171,474.9000000000001,972.8460000000011,30,18,6
"3531_4",,,-4.8,6.9,25.0,0.5239999999999998,57.05130000000002,92.71748757956762,86.63,223.22799999999998,5,3,4,,,-13.054800000000023,195.80039999999966,372.1301572506171,474.9000000000001,972.8460000000011,30,18,6
"3531_5",,,-7.0,6.9,25.0,1.6638999999999997,111.79780000000004,183.37997772301313,162.26000000000002,444.44000000000017,10,5,11,,,-13.054800000000023,195.80039999999966,372.1301572506171,474.9000000000001,972.8460000000011,30,18,6
"3531_6",,,-7.1,6.9,25.0,1.6638999999999997,111.79780000000004,183.37997772301313,162.26000000000002,444.44000000000017,10,5,11,,,-13.054800000000023,195.80039999999966,372.1301572506171,474.9000000000001,972.8460000000011,30,18,6
"3531_7",,,-11.97,6.9,25.0,0.5239999999999998,57.05130000000002,92.71748757956762,86.63,223.22799999999998,5,3,4,,,-15.23060000000003,228.4337999999996,433.92377049906946,554.0500000000002,1134.9870000000014,35,21,7
"3531_8",,,-12.07,6.9,25.0,0.5239999999999998,57.05130000000002,92.71748757956762,86.63,223.22799999999998,5,3,4,,,-15.23060000000003,228.4337999999996,433.92377049906946,554.0500000000002,1134.9870000000014,35,21,7
"3531_9",,,-11.78,6.9,25.0,1.6638999999999997,111.79780000000004,183.37997772301313,162.26000000000002,444.44000000000017,10,5,11,,,-15.23060000000003,228.4337999999996,433.92377049906946,554.0500000000002,1134.9870000000014,35,21,7
"3531_10",,,-11.34,6.9,25.0,1.6638999999999997,111.79780000000004,183.37997772301313,162.26000000000002,444.44000000000017,10,5,11,,,-15.23060000000003,228.4337999999996,433.92377049906946,554.0500000000002,1134.9870000000014,35,21,7
"3531_11",,,-12.34,6.9,25.0,0.5239999999999998,57.05130000000002,92.71748757956762,86.63,223.22799999999998,5,3,4,,,-13.802800000000035,260.0609999999993,474.46456599465444,513.5900000000001,1219.1970000000013,35,19,9
"3531_12",,,-12.07,6.9,25.0,0.5239999999999998,57.05130000000002,92.71748757956762,86.63,223.22799999999998,5,3,4,,,-13.802800000000035,260.0609999999993,474.46456599465444,513.5900000000001,1219.1970000000013,35,19,9
"3531_13",,,-12.23,6.9,25.0,1.6638999999999997,111.79780000000004,183.37997772301313,162.26000000000002,444.44000000000017,10,5,11,,,-13.802800000000035,260.0609999999993,474.46456599465444,513.5900000000001,1219.1970000000013,35,19,9
"3531_14",,,-11.65,6.9,25.0,1.6638999999999997,111.79780000000004,183.37997772301313,162.26000000000002,444.44000000000017,10,5,11,,,-13.802800000000035,260.0609999999993,474.46456599465444,513.5900000000001,1219.1970000000013,35,19,9
"3531_15",,,-13.21,6.9,25.0,0.5239999999999998,57.05130000000002,92.71748757956762,86.63,223.22799999999998,5,3,4,,,-13.802800000000035,260.0609999999993,474.4645659946545,513.5900000000001,1219.1970000000013,35,19,9
"3531_16",,,-13.22,6.9,25.0,0.5239999999999998,57.05130000000002,92.71748757956762,86.63,223.22799999999998,5,3,4,,,-13.802800000000035,260.0609999999993,474.4645659946545,513.5900000000001,1219.1970000000013,35,19,9
"3531_17",,,-12.53,6.9,25.0,1.6638999999999997,111.79780000000004,183.37997772301313,162.26000000000002,444.44000000000017,10,5,11,,,-13.802800000000035,260.0609999999993,474.4645659946545,513.5900000000001,1219.1970000000013,35,19,9
"3531_18",,,-11.93,6.9,25.0,1.6638999999999997,111.79780000000004,183.37997772301313,162.26000000000002,444.44000000000017,10,5,11,,,-13.802800000000035,260.0609999999993,474.4645659946545,513.5900000000001,1219.1970000000013,35,19,9
"3531_19",,,-12.18,6.9,25.0,0.5239999999999998,57.05130000000002,92.71748757956762,86.63,223.22799999999998,5,3,4,,,-13.802800000000035,260.06099999999935,474.4645659946545,513.5900000000001,1219.1970000000013,35,19,9
"3531_20",,,-12.73,6.9,25.0,0.5239999999999998,57.05130000000002,92.71748757956762,86.63,223.22799999999998,5,3,4,,,-13.802800000000035,260.06099999999935,474.4645659946545,513.5900000000001,1219.1970000000013,35,19,9
"3531_21",,,-11.87,6.9,25.0,1.6638999999999997,111.79780000000004,183.37997772301313,162.26000000000002,444.44000000000017,10,5,11,,,-13.802800000000035,260.06099999999935,474.4645659946545,513.5900000000001,1219.1970000000013,35,19,9
"3531_22",,,-11.63,6.9,25.0,1.6638999999999997,111.79780000000004,183.37997772301313,162.26000000000002,444.44000000000017,10,5,11,,,-13.802800000000035,260.06099999999935,474.4645659946545,513.5900000000001,1219.1970000000013,35,19,9
"3531_23",,,-11.34,6.9,25.0,1.6638999999999997,111.79780000000004,183.37997772301313,162.26000000000002,444.44000000000017,10,5,11,,,-17.406400000000005,261.0671999999995,495.7173837475217,633.2000000000003,1297.1280000000015,40,24,8
"3531_24",,,-9.14,6.9,25.0,1.6638999999999997,111.79780000000004,183.37997772301313,162.26000000000002,444.44000000000017,10,5,11,,,-17.406400000000005,261.0671999999995,495.7173837475217,633.2000000000003,1297.1280000000015,40,24,8
